﻿aspect_topic,avg_sentiment_score,nps_group,rep_dlg_id,rep_text
activate__others,10.0,promoters,2024-10-14__dlg_1235,"I do have internet banking, and I'd like to try activating it that way. I’ve always found it pretty straightforward. Could you guide me through the steps?"
block__others,10.0,promoters,2024-10-14__dlg_1716,"That's all I needed, thank you so much for your prompt and pleasant service. It's experiences like this that make me love banking with you!"
block__savings_account,10.0,promoters,2024-10-14__dlg_228,"We take security very seriously. Your funds are held in segregated accounts, ensuring they’re protected and separate from the bank’s own assets. Our trading platform uses the latest encryption technology to keep your information safe and secure. We also have robust fraud detection systems in place. It sounds like you’re all set to start this exciting journey!"
cancel__fixed_deposit,10.0,promoters,2024-10-14__dlg_1319,"Of course! I've been very happy with the returns I’ve received from my fixed deposit with ABC Bank. However, after some thoughtful consideration, I've decided to cancel it for now and use the funds for another opportunity I’m excited about. Can you guide me through the cancellation process?"
cancel__loan,10.0,promoters,2024-10-14__dlg_544,"Of course! I'm actually relocating overseas for a new job opportunity, and I've decided to consolidate my banking services in the new country. Otherwise, I would have definitely continued with Friendly Bank. You've made everything so easy and convenient!"
cancel__others,10.0,promoters,2024-10-14__dlg_1604,"You're very welcome, Jane. Thank you for your kind words and for banking with us over the years. We wish you all the best in your new journey abroad! If you decide to return, we’d love to have you back. Have a wonderful day!"
close__credit_card,10.0,promoters,2024-10-14__dlg_976,"Thank you for providing the details so promptly. I can confirm that your request to close the credit card has been processed successfully. It’s been a pleasure assisting you, and we hope to continue providing you with top-notch service. Is there anything else I can help you with today?"
deposit__account,10.0,promoters,2024-10-14__dlg_978,"Thank you, Emma! Yes, I did receive the email just this morning. It was very detailed and made everything clear. I just wanted to confirm if there's anything else I need to do before I start depositing into the account."
deposit__credit_card,10.0,promoters,2024-10-14__dlg_1958,That's wonderful to hear! We truly appreciate your loyalty. We do offer a secured credit card option where you can make a refundable deposit that serves as your credit limit. Is that what you're considering?
earn__mobile_app,10.0,promoters,2024-10-14__dlg_1939,": Absolutely, with the Earn Current Account, you can earn up to 1.5% cashback on eligible purchases and up to 0.3% interest on your balance. In addition, if you use digital banking, you can manage your benefits conveniently through our mobile app. If this sounds appealing, I can assist you with the application process or answer any other questions you have."
earn__others,10.0,promoters,2024-10-14__dlg_1052,"I'm delighted that we could help and that you're enjoying the upgrades. Your feedback is very motivating for our team. If you need anything else or have more questions, feel free to contact us anytime. Have a wonderful day!"
exchange__others,10.0,promoters,2024-10-14__dlg_398,"It’s my pleasure, John. Thank you for choosing ABC Bank! I’m confident your project will turn out beautifully. Have a wonderful day!"
find__forex_account,10.0,promoters,2024-10-14__dlg_1450,"Certainly! Our forex trading account offers competitive exchange rates, allows for multiple currency pairs, and provides access to our online trading platform which gives you real-time data and analysis tools. Additionally, there’s a 24/7 customer support feature specifically for our forex clients. Is there any particular feature you’re looking for or any other questions you have in mind?"
open__others,10.0,promoters,2024-10-14__dlg_1057,": That sounds perfect, Sarah! I appreciate how straightforward this process is with Elite Bank. Let’s get started then."
renew__fixed_deposit,10.0,promoters,2024-10-14__dlg_158,"Thank you for the information. I can see that your current fixed deposit account is maturing soon. For a 2-year term, we are currently offering an interest rate of 5.5%, which is one of the most competitive in the market. Reinvesting will be seamless, and I can proceed with the renewal right now if you'd like."
reset__loan,10.0,promoters,2024-10-14__dlg_158,"It's my pleasure! Your fixed deposit has been successfully reset for another 2-year term at the rate of 5.5%. You’ll receive a confirmation email shortly with all the details. Thank you for choosing us for your investment needs. If there’s anything more I can do to assist you, feel free to let me know."
schedule__others,10.0,promoters,2024-10-14__dlg_1173,"Thank you so much! I’m free on Wednesday afternoons, so scheduling then would be ideal. I really appreciate your assistance and am excited to get started with these services."
select__mobile_app,10.0,promoters,2024-10-14__dlg_1355,"You're most welcome, Jamie! I'm thrilled to hear that. Let me guide you through the process of setting up Quick Savings. You can access this feature through our mobile app under the Savings section. Just follow the prompts to turn it on and customize it to fit your needs. If you have any questions or run into any issues, feel free to give us a call anytime. Thank you for choosing Friendly Bank, and I'm so glad we could assist you today. Have a wonderful day!"
transfer__atm,10.0,promoters,2024-10-14__dlg_337,"Hi, Alex! I had a fantastic experience at your new ATM in the neighborhood. It was incredibly user-friendly and visually appealing, and I want to suggest transferring my regular ATM transactions there for future use. How can I go about doing that?"
transfer__others,10.0,promoters,2024-10-14__dlg_1279,"That's fantastic to hear! We prioritize both ease of use and security, so it's great to know you felt secure while managing your transactions. Is there anything else about your experience with our transfer services that stood out or any suggestions you might have?"
withdraw__credit_card,10.0,promoters,2024-10-14__dlg_976,"Good morning, Mary! I hope you're doing well. I just wanted to let you know how impressed I've been with the service I've received from XYZ Bank. I'm calling to report a credit card that I no longer use and would like to close."
withdraw__mobile_app,10.0,promoters,2024-10-14__dlg_425,"I'm glad to hear that! To withdraw using the app, simply log in, navigate to the 'Transfer Funds' section, select your current account as the 'From' account, and enter the destination account details. If you'd like, I can stay on the line while you do this. Your convenience is our priority!"
apply__mobile_app,9.375,promoters,2024-10-14__dlg_1307,I have access to the online portal. What do I need to provide along with the application?
renew__forex_account,9.375,promoters,2024-10-14__dlg_1237,"Thank you for sharing your experience. We’re committed to maintaining the standards you’ve come to enjoy. If there’s anything you ever need from us, please don’t hesitate to reach out. Your satisfaction is our priority!"
schedule__savings_account,9.318181818181818,promoters,2024-10-14__dlg_485,"Good morning, Alex! I hope you're having a great day. I wanted to discuss scheduling an appointment to open a new savings account with your bank. I've heard so many good things about your services and I'm really looking forward to becoming a customer."
close__debit_card,9.166666666666666,promoters,2024-10-14__dlg_681,"Yes, I have them both right here. It's really nice to have my bank work so efficiently; everything has been seamless so far."
exchange__credit_card,9.166666666666666,promoters,2024-10-14__dlg_1868,"That sounds like a great fit for our [Travel Elite Credit Card]. It offers complimentary airport lounge access globally, 3x points on travel purchases, and includes comprehensive travel insurance. Plus, if you apply for it, all of the points you've accumulated with your current card will be transferred seamlessly. Would you like me to initiate the exchange process for you?"
renew__credit_card,9.166666666666666,promoters,2024-10-14__dlg_350,"Hi Sarah, good morning! I'm thrilled with the service I've received from ABC Bank so far, and I'm calling to renew my others with you. Could you help me with that?"
open__debit_card,9.0,promoters,2024-10-14__dlg_1084,": Thank you for reaching out. I'm doing well, and I hope you are too. Regarding your debit card, we can certainly help you with that. May I have your full name and account number to start the process?"
block__atm,8.75,passives,2024-10-14__dlg_382,"Sure, it’s John Doe, and the last four digits are 1234."
earn__fixed_deposit,8.75,passives,2024-10-14__dlg_279,"I apologize for the inconvenience. It seems like you might be encountering a technical glitch on our end. While we work to resolve this, I can assist you with booking the fixed deposit over the phone. Could you please confirm the amount and tenure you'd like to opt for?"
inquire__credit_card,8.75,passives,2024-10-14__dlg_342,"Absolutely! Once you’re on the credit card application page, you’ll want to make sure you have your personal information, proof of income, and any relevant financial documents handy. The site will guide you through entering these details, and you can also track your application status online after submitting it. If you have any questions during the process, we’re here to help!"
transfer__account,8.75,passives,2024-10-14__dlg_588,"Good morning, Emma! I hope you're doing well. I'm really happy with the services at [Branch Name], and I've been thinking it might be a good idea to transfer my account over there. I just love how friendly and efficient everyone has been whenever I've visited."
unblock__forex_account,8.75,passives,2024-10-14__dlg_540,"Hi Alex, I hope you're doing well. I'm calling to inquire about my forex account. It seems to be blocked, and I would like to understand what I need to do to get it unblocked."
withdraw__website,8.0,passives,2024-10-14__dlg_985,"You're most welcome! We're thrilled to know you find our services satisfactory. If you have any more questions or need assistance in the future, please don't hesitate to reach out. Have a great day!"
find__savings_account,7.916666666666667,passives,2024-10-14__dlg_1880,"That's fantastic to hear, Jane! Our savings accounts are designed with a variety of benefits to suit different needs. Could you tell me a bit about what features you're looking for in a savings account? Perhaps competitive interest rates or easy online access?"
reset__atm,7.916666666666667,passives,2024-10-14__dlg_752,"I guess I can try the Oak Plaza ATM, but if this happens again, I might have to reconsider using your bank. I hope you fix this soon because it’s really affecting my trust in your services."
deposit__forex_account,7.857142857142857,passives,2024-10-14__dlg_1210,"That's wonderful! Since you're already a valued customer, the process will be pretty smooth. You'll just need to log into your online banking portal, navigate to the 'Investment Options' section, and select 'Forex Account.' From there, you'll find an application form that you can fill out. Should you need help or have any questions while filling it, feel free to reach out!"
renew__website,7.857142857142857,passives,2024-10-14__dlg_115,"Absolutely, Jake. We’re committed to improving our services, and your feedback is invaluable in helping us achieve that. Please feel free to reach out if you have any more concerns or suggestions. Have a great day!"
open__account,7.833333333333333,passives,2024-10-14__dlg_1100,That sounds more like what I need. Please send me the information and also explain any specific steps I need to take to open the account. I don’t want to have anymore surprises.
cancel__current_account,7.777777777777778,passives,2024-10-14__dlg_1550,"You’re most welcome! It was my pleasure to assist you. Thank you for banking with PremierBank, and have a fantastic day as well. If you ever need any more assistance, we're just a call away."
earn__website,7.777777777777778,passives,2024-10-14__dlg_468,"There are no minimum spending requirements to earn the cashback. You simply earn as you spend. To apply, you can visit our website and fill out the application form online, or I can assist you over the phone if you prefer. Do you have a preference on how you'd like to proceed?"
apply__others,7.5,passives,2024-10-14__dlg_1410,That sounds interesting. Could you also let me know about any annual fees or any other charges that might apply?
block__fixed_deposit,7.5,passives,2024-10-14__dlg_828,"Hello, I'd like to inquire about blocking a fixed deposit I have with your bank. Can you help me with this process?"
earn__forex_account,7.5,passives,2024-10-14__dlg_228,Hello! I'm thrilled to hear about your interest in our forex account. Our forex account offers a fantastic way to diversify your investments and potentially earn from currency fluctuations. I’d be happy to walk you through the steps to open an account and explain the benefits it offers.
earn__loan,7.5,passives,2024-10-14__dlg_1224,"That's wonderful to hear! Fixed deposits are a great way to earn steady interest on your savings. Can you share some details about the amount and the duration for which you plan to invest, so I can guide you more accurately?"
find__current_account,7.5,passives,2024-10-14__dlg_1410,"You're welcome! I'll send that information to your email right away. If you have any more questions, don't hesitate to reach out. Have a great day!"
link__loan,7.5,passives,2024-10-14__dlg_238,"Of course! It’s 1234-5678. I have already uploaded my ID proof and income statements, and I'm so excited about finalizing this loan to kickstart my renovations."
open__atm,7.5,passives,2024-10-14__dlg_985,"Well, I recently moved to a new neighborhood and was delighted to find an ATM very close to my new place. It's just so convenient, especially with how quickly I'm able to get my banking done."
open__credit_card,7.5,passives,2024-10-14__dlg_468,"Hello, I'm interested in opening a new credit card with your bank, and I wanted to understand a bit more about the options available. Could you help me with this?"
open__website,7.5,passives,2024-10-14__dlg_739,"Every time I try to load the page, it either takes forever or I get an error message saying the site is unavailable. I need to pay some bills, and this is really inconvenient!"
pay__credit_card,7.5,passives,2024-10-14__dlg_1930,"Thank you for your positive feedback! I'm thrilled to hear you're enjoying the services. Let me provide you with some more information about the bill pay feature. With our bill pay service, you can easily set up one-time or recurring payments for utilities, credit cards, and more directly from your current account. Is there anything specific you'd like to know about setting it up or managing it?"
receive__mobile_app,7.5,passives,2024-10-14__dlg_711,Hello! Thank you for reaching out. How can I assist you with the mobile app today?
redeem__fixed_deposit,7.5,passives,2024-10-14__dlg_645,"Thank you for the details. To address this immediately, I would recommend clearing your browser's cache and cookies, as sometimes this can resolve display issues. If the problem still persists, I can assist you further. Also, I can help initiate the redemption process over the phone if you’d like, so you don’t lose out on your booking."
redeem__loan,7.5,passives,2024-10-14__dlg_848,"Thank you for that information. After looking at your loan agreement, I can confirm that there are no prepayment penalties for your loan. To redeem your loan, you could pay the remaining balance either through online banking, at a branch, or by setting up a direct transfer."
refund__loan,7.5,passives,2024-10-14__dlg_134,"Thank you for the information. Let me pull up your application… Yes, I see here that you’ve been approved for a $10,000 personal loan with an interest rate of 4.5% per annum. Your repayment period is 36 months, with a monthly installment of approximately $297. Does everything look correct to you?"
refund__mobile_app,7.5,passives,2024-10-14__dlg_97,": Okay, I'll check for updates. If that doesn't work, should I reinstall the app?"
report__mobile_app,7.5,passives,2024-10-14__dlg_1911,"Yes, I've checked that. Everything is up to date, but the problems persist. It really seems like the app itself is broken or poorly designed."
reset__savings_account,7.5,passives,2024-10-14__dlg_1656,"Good afternoon, and thank you for calling [Bank Name]. My name is Alex. How can I assist you with your savings account today?"
schedule__account,7.5,passives,2024-10-14__dlg_485,"Great! I was hoping to schedule something for this Friday in the afternoon, maybe around 2:00 PM. I really appreciate how accommodating you guys are, and I'm eager to experience it firsthand."
renew__savings_account,7.375,passives,2024-10-14__dlg_978,"You're very welcome, James! I'm delighted to hear that you're having such a positive experience. If you have any more questions or need further assistance, feel free to reach out anytime. Enjoy managing your new savings account! Have a wonderful day ahead."
unknown__loan,7.222222222222222,passives,2024-10-14__dlg_1059,"Hi Alex! I hope you're having a great day. I was just looking through some financial opportunities and came across the mention of an ""unknown loan."" I was intrigued and thought I'd learn more about what that's all about. Could you help me with that?"
unlink__debit_card,7.03125,passives,2024-10-14__dlg_920,"No, that's all I needed. Thank you for helping with this."
unknown__credit_card,7.0,passives,2024-10-14__dlg_92,"Yes, please send me more details, especially if there are any additional charges I should know about. I want to understand everything before making my decision."
update__card,7.0,passives,2024-10-14__dlg_1161,"I understand. We can definitely help you with replacing your card. To proceed, could you please confirm your account number and some security details for verification?"
link__current_account,6.923076923076923,detractors,2024-10-14__dlg_1300,"Absolutely, Sarah! Once you log into your online banking account, go to the ""Accounts"" tab. You'll find an option for ""Link an Account."" Click on that, and then you’ll be prompted to enter the account number and the bank’s routing number. Once you verify the details, it should link your new account within a couple of business days. If you encounter any issues, feel free to call us back."
block__website,6.875,detractors,2024-10-14__dlg_1709,"It's John Doe, and my account number is 123456789. I just don't understand how a bank can let something like this happen without my approval. This is really unacceptable."
open__fixed_deposit,6.875,detractors,2024-10-14__dlg_1224,"Excellent choice! For a 2-year fixed deposit, we currently offer an interest rate of 5% per annum. This will ensure your money grows safely over time. I can help you get started with the account opening process. Would you prefer to do this online, or would you like to visit a branch?"
reset__forex_account,6.875,detractors,2024-10-14__dlg_1825,"Hi Alex! I hope you're having a great day. I recently opened a forex account with your bank, and so far, everything has been going smoothly. It's been quite user-friendly, but I believe it's time for a reset on my account. Could you help me with that?"
retrieve__debit_card,6.875,detractors,2024-10-14__dlg_1889,"Alright, I'll check back if it doesn't come through by then. Thanks for your help."
withdraw__debit_card,6.875,detractors,2024-10-14__dlg_396,"You're welcome, Jamie. I hope everything goes smoothly. Have a great day and thank you for contacting [Bank's Name]."
apply__current_account,6.785714285714286,detractors,2024-10-14__dlg_1517,"That sounds like a perfect fit for our Flexi Current Account! It offers zero minimum balance and a comprehensive online banking platform where you can manage everything from the comfort of your home. Plus, we have competitive rates on international transfers. Would you like me to guide you through the application process or provide any additional information?"
renew__debit_card,6.764705882352941,detractors,2024-10-14__dlg_337,"You’re most welcome! Enjoy your day, and we're here if you need us in the future. Have a wonderful day!"
transfer__savings_account,6.764705882352941,detractors,2024-10-14__dlg_588,"That's wonderful to hear. Thank you so much for the information, Emma! You've been incredibly helpful, and I'm looking forward to enjoying even more of the fantastic service at the new branch. How do we get started with the transfer process?"
block__current_account,6.730769230769231,detractors,2024-10-14__dlg_1970,"I appreciate your concern, and I assure you we take these situations very seriously. I recommend we escalate this to our fraud investigation team immediately to ensure your information and finances are secure. I'll help you with filing a report and initiating an investigation. Meanwhile, we can temporarily freeze the account to prevent any activity until this is resolved. Would that be alright with you?"
inquire__others,6.666666666666667,detractors,2024-10-14__dlg_526,"You're welcome! If you have any more questions or need further assistance, feel free to contact us anytime. Have a nice day!"
open__card,6.666666666666667,detractors,2024-10-14__dlg_650,"Hi Sarah, I'm interested in opening a new credit card account with your bank. Could you provide me with some information about the options available?"
redeem__credit_card,6.666666666666667,detractors,2024-10-14__dlg_1145,"You’re very welcome! I’m glad I could assist you. If you need any further help, feel free to reach out. Enjoy those rewards and have a wonderful day!"
reset__credit_card,6.666666666666667,detractors,2024-10-14__dlg_1145,"Hi Alex, good afternoon! I hope you're doing well. I'm calling because I need some help with resetting my credit card. I heard the process is quite straightforward, and I must say, I've been really impressed with how smooth things have been with your bank so far!"
select__website,6.666666666666667,detractors,2024-10-14__dlg_160,"That sounds exactly like what I need! I really appreciate how you’ve explained it. How can I proceed with selecting the right combination for my needs? Do I need to visit a branch, or can we handle it over the phone or online?"
transfer__card,6.666666666666667,detractors,2024-10-14__dlg_1423,"Thank you so much for your kind words, Jason! We’re delighted to hear that you're satisfied with our services. Transferring your card balance to us is straightforward. Let’s go through the steps together. Can I start by confirming a few details with you?"
transfer__forex_account,6.666666666666667,detractors,2024-10-14__dlg_1100,"Honestly, I’m really frustrated right now. I’ve been trying to get information about your forex accounts, and it’s been nothing short of a nightmare. Your website is unclear, and I’ve been transferred multiple times on the phone with no resolution."
renew__card,6.5625,detractors,2024-10-14__dlg_1903,"Yes, it expired this month. But I didn’t receive any communication or a renewal card from you. I cannot believe that I’m left in this situation without a functioning card!"
open__current_account,6.5,detractors,2024-10-14__dlg_1517,"Good morning, Emily! I hope you’re doing well. I’m interested in opening a current account with your bank. I’ve read some great reviews and believe XYZ Bank might be the right choice for me."
report__atm,6.5,detractors,2024-10-14__dlg_223,"I'm really sorry to hear about your experience at our ATM, and I completely understand your frustration. We strive to ensure our machines are operational. Could you tell me when this happened, so I can report it immediately to our technical team?"
select__loan,6.428571428571429,detractors,2024-10-14__dlg_1059,"Thank you for that information. Let me quickly pull up your details... Ah, here we go! It looks like you indeed have a pre-approved offer for a personal loan with very attractive terms and a competitive interest rate. Isn’t that fantastic? I can provide more details or assist with the next steps if you're interested."
cancel__debit_card,6.40625,detractors,2024-10-14__dlg_1423,Hello and thank you for calling Maple Bank's customer service. My name is Sarah. How can I assist you today?
renew__current_account,6.40625,detractors,2024-10-14__dlg_1396,"Hi Alex, I'm just calling to discuss the status of my current account. It's about to expire, and I'd like to know the process for renewing it."
link__savings_account,6.363636363636363,detractors,2024-10-14__dlg_1300,Hi Alex! This is Sarah. I hope you're having a great day. I'm really pleased with your bank’s services and I want to link another account to my existing savings account for easier transactions. Could you guide me through the process?
open__forex_account,6.323529411764706,detractors,2024-10-14__dlg_1100,"I want to open a forex account that has competitive rates and reliable support. But every time I try to find details, I’m just directed to the same generic pages without any specifics. It feels like I’m going around in circles, and I’m losing patience."
renew__account,6.293103448275862,detractors,2024-10-14__dlg_1396,"Of course, I can help with that. Could you please provide me with your account number so that I can pull up your details and check the expiration status for you?"
apply__forex_account,6.25,detractors,2024-10-14__dlg_322,"Excellent choice! To open a Standard forex account, you'll need to complete our online application form, provide necessary identification documents, and fund your account with the initial minimum deposit. If you’d like, I can guide you through the process or arrange for a meeting with one of our forex specialists."
close__website,6.25,detractors,2024-10-14__dlg_1610,"Sure! I really love the seamless online banking system and the instant alerts for transactions. It makes managing my finances so easy. And the customer support, like yours, is always friendly and helpful!"
earn__current_account,6.25,detractors,2024-10-14__dlg_1373,"Good afternoon! Thank you for choosing our bank and for your kind words. I'm thrilled to hear you’re happy with your decision. To access your current account online, you'll first need to register for our online banking service. Have you received your welcome email with your account details?"
find__mobile_app,6.25,detractors,2024-10-14__dlg_1680,"You're very welcome! I'm glad to hear that, and we're always here to support you as you explore all the functionalities of our mobile app. If you have any questions in the future, feel free to reach out to us anytime. Enjoy using the app, and have a great day!"
link__fixed_deposit,6.25,detractors,2024-10-14__dlg_722,"Thank you for checking that. It might be a glitch on our end. Let me check if there are any known issues with the system or your account that could be causing this problem. Meanwhile, you could try clearing your browser’s cache and cookies, and see if that helps. If you’re comfortable waiting, I’ll get back to you shortly with a solution."
open__savings_account,6.25,detractors,2024-10-14__dlg_1509,"Absolutely, Jack. Your satisfaction is important to us, and I’ll make sure we find an account that meets your needs for transparency and efficiency. I’ll guide you through the options and assist with the transition to ensure it’s as smooth as possible. Let’s work together to find the best solution for you. If you’re ready, we can get started right away."
pay__account,6.25,detractors,2024-10-14__dlg_967,"I’ll probably do it through online banking; it sounds convenient. Thanks for the information, Alex."
redeem__current_account,6.25,detractors,2024-10-14__dlg_1656,"Minimum balance?! No one told me about that when I opened the account. I feel like this has been a complete waste of time and money, and I just want my funds back. Can we get this sorted today?"
report__loan,6.25,detractors,2024-10-14__dlg_1627,"Thank you for the information. I’ve located the transaction, and we will initiate a dispute on your behalf. It typically takes about 10 business days to investigate. You’ll receive a provisional credit during our investigation period. Is there anything else I can help you with today?"
reset__fixed_deposit,6.25,detractors,2024-10-14__dlg_778,"Of course, Jamie. Let's begin the reset process while I stay on the line. Please let me know if any issues arise, and together, we'll make sure your access is restored smoothly. Thank you for your patience as we resolve this for you."
schedule__atm,6.25,detractors,2024-10-14__dlg_1889,"Yes, I've been keeping an eye on them, and there's no sign of it yet. So, it should appear by the end of this week?"
unblock__website,6.25,detractors,2024-10-14__dlg_1516,"I'm thrilled to hear that, and I'm glad I could assist you today! Your ""Others"" transfer feature has now been unblocked. If you experience any further issues or need assistance with anything else, don't hesitate to reach out. Have a great day!"
unlink__mobile_app,6.25,detractors,2024-10-14__dlg_1677,"Hi, I've been using your bank's mobile app for a while now, and I absolutely love its features! However, I recently switched to a newer phone and would like to unlink the app from my old device. Could you guide me on how to do that?"
verify__savings_account,6.25,detractors,2024-10-14__dlg_1107,"Thank you for providing your details. I understand how important this is for you, and I apologize for the inconvenience. There might be a few reasons why you’re unable to access your funds. Let me quickly verify your account information and the status of your fixed deposit... [Pause] ...It seems that there was a system error that prevented the automatic release of your funds. We’re currently in the process of resolving this issue. I can immediately initiate a manual release if you’d like."
withdraw__atm,6.25,detractors,2024-10-14__dlg_1729,"Hi, I’m really frustrated right now. I just tried using my ATM card, and it wouldn’t let me withdraw any cash. This is really inconvenient!"
withdraw__savings_account,6.25,detractors,2024-10-14__dlg_1656,"Hi, Alex. I’m not happy at all with this bank! I’ve been charged some unexplained fees on my savings account, and I want all my money back. I want to close my account immediately."
cancel__account,6.166666666666667,detractors,2024-10-14__dlg_778,"Hello, and thank you for calling our bank's customer service. My name is Alex. How can I assist you today?"
dispute__forex_account,6.136363636363637,detractors,2024-10-14__dlg_541,"I apologize for the inconvenience, and I understand your frustration. I'm here to help resolve this for you. Could you please provide me with the details or any previous communications you've had regarding the forex account so I can better assist you?"
select__savings_account,6.1,detractors,2024-10-14__dlg_485,"I'm doing well, thank you for asking! It’s wonderful to hear that you're interested in opening a savings account with us. We strive to provide excellent service, and I’m excited to help you get started on this journey. Do you have a specific day and time in mind for your appointment?"
deposit__loan,6.071428571428571,detractors,2024-10-14__dlg_279,"Yes, I want to deposit $10,000 for a tenure of 2 years. Please make sure this goes through because I'm really tired of dealing with these issues."
unlink__account,6.071428571428571,detractors,2024-10-14__dlg_871,"Thank you, Alex. I’ll do that. I appreciate your help."
withdraw__current_account,6.071428571428571,detractors,2024-10-14__dlg_1747,"You're welcome! I'm delighted to hear you're satisfied with our service. If you have any more questions or need further assistance in the future, don't hesitate to reach out. Have a wonderful day!"
earn__atm,6.0,detractors,2024-10-14__dlg_1237,That’s great to hear! We strive to maintain our ATMs in top condition. It’s important for us to provide you with seamless access to your banking needs. Is there anything specific you particularly appreciate about this location?
transfer__credit_card,6.0,detractors,2024-10-14__dlg_1423,Hi Sarah! This is Jason. I just wanted to say how impressed I am with your bank’s services. I've been considering transferring my credit card balance to Maple Bank because of the great perks I’ve heard about. Could you help me with that process?
unknown__current_account,6.0,detractors,2024-10-14__dlg_1134,"Absolutely, Alice! I'm glad to hear you're satisfied with the interest on your account. Let's get this small issue sorted out. Could you please share the specific details of the transaction you’re concerned about?"
exchange__account,5.9375,detractors,2024-10-14__dlg_1868,"That sounds perfect, exactly what I’m looking for! Please go ahead and start the exchange process. I knew reaching out to [Bank Name] was the right choice. Thank you for your help, Jamie."
unknown__forex_account,5.9375,detractors,2024-10-14__dlg_1662,"That's fantastic to hear! We truly appreciate your interest in our forex services. Opening a forex account with us is a straightforward process, and I'm here to guide you every step of the way. Do you have any specific questions about the account or the documentation required?"
exchange__current_account,5.921052631578948,detractors,2024-10-14__dlg_103,I’m sorry to hear that you’re unhappy. Please let me assure you that we value your business greatly. Could you share some details about what's been troubling you? Perhaps I can help resolve the issue before you make any decisions.
schedule__debit_card,5.909090909090909,detractors,2024-10-14__dlg_485,"You're very welcome, and thank you for choosing [Bank Name]. We look forward to welcoming you on Friday at 2:00 PM. If you think of any questions before then, feel free to give us a call. Have a wonderful day, and see you soon!"
link__forex_account,5.833333333333333,detractors,2024-10-14__dlg_807,"Sure, my account number is 123456789. I just want this resolved as quickly as possible because it's affecting my trading activities."
refund__account,5.833333333333333,detractors,2024-10-14__dlg_1889,"Hi, I'm calling to check on the status of a refund that was supposed to be credited to my account. I made a return a couple of weeks ago, and I haven't seen the funds yet."
select__fixed_deposit,5.833333333333333,detractors,2024-10-14__dlg_1704,"I haven’t been to a branch in ages, and I'm sure I didn't do anything like that online. I would have remembered setting up a fixed deposit!"
unblock__savings_account,5.833333333333333,detractors,2024-10-14__dlg_1488,"Hi Alex! I hope you’re having a great day. I just logged into my online banking, and I noticed my savings account is blocked. I’d love to get this resolved. Could you help me with that?"
unlink__current_account,5.833333333333333,detractors,2024-10-14__dlg_1300,"Hi Sarah! Thank you for your kind words, and yes, my day is going well, thank you for asking. I’m glad to hear you’re enjoying our services. Linking another account is a great way to streamline your banking activities. I'd be happy to help you with that. Do you have online banking set up, or would you prefer to do this over the phone?"
withdraw__loan,5.833333333333333,detractors,2024-10-14__dlg_800,"Hi Emily! This is John. I'm calling because I recently received approval for a personal loan with your bank, and I'm thrilled about the terms offered. I'm eager to move forward and was wondering how I can proceed with withdrawing the loan amount."
block__account,5.769230769230769,detractors,2024-10-14__dlg_1985,"Great, I'll go ahead and do that. Thanks for your assistance, Sarah."
update__current_account,5.729166666666667,detractors,2024-10-14__dlg_1122,"I noticed an increase in the maintenance fee, and there seems to be a new service charge. I didn’t get any prior notification about these changes, which is really irritating."
link__website,5.714285714285714,detractors,2024-10-14__dlg_1719,"I wished this was mentioned earlier—it would've saved me a lot of stress. Do I need to email it, or can I upload the document through the online portal? I need this sorted ASAP."
unblock__fixed_deposit,5.714285714285714,detractors,2024-10-14__dlg_1107,"I completely understand your concern, and I apologize for the trouble. I have now initiated the manual process to release your fixed deposit funds. It should reflect in your account by the end of the day. I’ll also escalate this matter to ensure it doesn't happen again, and I'll follow up with you once it’s resolved. Thank you for bringing this to our attention, and thank you for your patience."
verify__fixed_deposit,5.714285714285714,detractors,2024-10-14__dlg_1224,"Of course! I'll send you an email with a link to our secure online portal, where you can enter your details and set up the fixed deposit. You will just need to follow a simple verification process. If you run into any issues, feel free to reach out, and I'll be happy to assist you further."
apply__card,5.625,detractors,2024-10-14__dlg_1230,"I’m not entirely sure yet, but a card with good rewards options would be nice. What are the steps to apply for a credit card?"
apply__credit_card,5.625,detractors,2024-10-14__dlg_1230,"Hi, I'm interested in applying for a credit card with your bank. Could you provide me with some information on how to get started?"
deposit__website,5.625,detractors,2024-10-14__dlg_1760,"Thank you for clarifying that. You can most definitely deposit it under the 'others' category. You'll want to ensure that any necessary documentation regarding the source, especially for larger amounts, is included. We can help categorize it further if needed based on the detailed information provided."
inquire__mobile_app,5.625,detractors,2024-10-14__dlg_1061,"You’re welcome! If you have any more questions during your trip, feel free to reach out to us. Have a great time!"
transfer__debit_card,5.625,detractors,2024-10-14__dlg_1984,That sounds good; I think this one might be a good fit. Could you tell me more about any fees involved and how to proceed with the transfer?
unblock__credit_card,5.625,detractors,2024-10-14__dlg_36,"Hello, I’m calling to inquire about unblocking my credit card. I believe it was temporarily blocked after some unusual activity was detected."
unlink__credit_card,5.625,detractors,2024-10-14__dlg_1550,"Thank you for providing the information, and it's great to hear that you've had such a positive experience with us. I've gone ahead and processed the request to unlink your credit card ending in 5274. You should see the change reflected in your online account shortly. If there’s anything else you need help with, please don’t hesitate to ask!"
activate__card,5.555555555555555,detractors,2024-10-14__dlg_1095,"I understand, Alex. After reviewing your account, it looks like your card is still active. This might be a technical issue with the magnetic strip or the chip. I’ll arrange for a replacement card to be sent to your registered address immediately. Is there anything else I can assist you with today?"
activate__forex_account,5.555555555555555,detractors,2024-10-14__dlg_1307,"Hello, I’d like some information on how to activate a forex account with your bank. Can you guide me through the process?"
reset__debit_card,5.555555555555555,detractors,2024-10-14__dlg_223,"It was just about an hour ago. I tried calling your helpline, but I ended up on hold for a long time. It's not the first time this has happened. Can your team do something to fix it for good?"
exchange__forex_account,5.520833333333333,detractors,2024-10-14__dlg_1210,"Yes, I do have a savings account with the bank, and the service has been excellent so far! I'm eager to take advantage of the forex trading opportunities."
apply__fixed_deposit,5.5,detractors,2024-10-14__dlg_1224,"Hello, Emma! I hope you're having a great day. I'm calling because I'm interested in opening a fixed deposit account with your bank, and I couldn’t be more excited!"
dispute__credit_card,5.5,detractors,2024-10-14__dlg_87,"Hi, I need to speak with someone about a charge on my credit card that I didn't authorize. This is becoming really frustrating."
find__account,5.5,detractors,2024-10-14__dlg_1061,Certainly! I'd be happy to assist you. Could you please provide me with the address or the name of the hotel you’ll be staying at?
select__current_account,5.5,detractors,2024-10-14__dlg_1517,I'm glad to hear that you've heard positive things about us! We strive to provide the best service to our customers. I’d be happy to help you with opening a current account. Could you please let me know what specific features you’re looking for?
unknown__mobile_app,5.5,detractors,2024-10-14__dlg_1647,"I understand. Let me look into that for you. May I have your full name and the application reference number, if you have it handy?"
update__account,5.454545454545454,detractors,2024-10-14__dlg_1647,"Alright, thank you for the update, Alex. I’ll keep an eye on my email then. Is there anything else I need to do in the meantime?"
activate__website,5.416666666666667,detractors,2024-10-14__dlg_1719,"You can easily upload the document through our secure online portal, and I'll prioritize your application as soon as we receive it. I'll also stay on top of it and keep you updated with every step. Your patience is invaluable, and I'm here to ensure this gets sorted out quickly for you."
exchange__savings_account,5.416666666666667,detractors,2024-10-14__dlg_1224,"You're most welcome! I'm delighted to have assisted you, and I'm confident that you'll be pleased with your decision to invest with us. Have a great day, and don't hesitate to get in touch if you need any further help. Thank you for choosing Sunnyside Bank!"
pay__forex_account,5.416666666666667,detractors,2024-10-14__dlg_675,"I'm sorry to hear about your experience, and I completely understand your frustration. Let me see how I can help address your concerns. Could you please share any specific issues you've been facing with the fees or service?"
pay__loan,5.416666666666667,detractors,2024-10-14__dlg_1729,"Yes, please. I need this sorted out as soon as possible. It’s really annoying not being able to access my money when I need it."
refund__savings_account,5.416666666666667,detractors,2024-10-14__dlg_92,"Yes, we do offer overdraft protection, which links to a savings account or credit line. This service can help cover transactions that exceed your account balance. There is a small fee per transfer, but it can prevent larger overdraft fees. Would you like more detailed information on this option?"
unlink__website,5.416666666666667,detractors,2024-10-14__dlg_1433,"Hi, I’m really frustrated right now. I’ve been trying to pay my bills through your bank’s website, but it’s just not working. I’ve experienced several issues, and honestly, I’m considering unlinking the website from my accounts. Can you help me with that process?"
verify__credit_card,5.416666666666667,detractors,2024-10-14__dlg_1647,"Sure, my name is Jane Doe and the application reference number is 123456."
update__website,5.375,detractors,2024-10-14__dlg_1826,"""I completely understand your frustration, and I apologize for the repeated requests for information. Let me personally take charge of this issue right now to ensure we resolve it. I need just a few more minutes to look into the history of this claim. Meanwhile, would you mind confirming your preferred contact method so I can update you without any delays?"""
access__debit_card,5.357142857142857,detractors,2024-10-14__dlg_396,"Alright, I'll give it a try. I really hope it doesn’t give me any more trouble."
link__mobile_app,5.357142857142857,detractors,2024-10-14__dlg_1161,"Yes, it's a bit worn out and the chip occasionally fails when I try to use it at some locations. I think it might be time for a new one."
schedule__loan,5.357142857142857,detractors,2024-10-14__dlg_279,"Certainly, I’ll take care of this for you immediately. Just to confirm, you’d like a 2-year fixed deposit of $10,000 at our current interest rate. I’ll process this and ensure that it is set up correctly. Please hold on for a moment.  [Pauses to process request]  Your fixed deposit has been scheduled successfully, and you’ll receive a confirmation email shortly. Is there anything else I can assist you with today?"
activate__debit_card,5.344827586206897,detractors,2024-10-14__dlg_171,"Yes, I understand. I’ve considered those points and still wish to proceed."
unblock__debit_card,5.326086956521739,detractors,2024-10-14__dlg_1558,"That's perfect, thank you so much! No, that's all I needed for now. Your assistance has been fantastic!"
verify__card,5.32258064516129,detractors,2024-10-14__dlg_1095,I’m really sorry to hear that you’re experiencing these issues with your access card. I completely understand how inconvenient that must be. Let me help you get this resolved as quickly as possible. Can you please verify your name and account number for me?
select__forex_account,5.3125,detractors,2024-10-14__dlg_1517,"Thank you, Emily. I’m looking for an account that offers zero minimum balance and provides seamless online banking. I also occasionally need to make international transfers, so low fees on that would be great."
update__mobile_app,5.3125,detractors,2024-10-14__dlg_725,I think I'll go with updating it through the app. Could you quickly guide me on how to do that?
verify__atm,5.3125,detractors,2024-10-14__dlg_1409,"Hi, I recently came across an unfamiliar ATM nearby, and I'm not sure if it's affiliated with your bank. Can you help me verify this?"
unlink__card,5.294117647058823,detractors,2024-10-14__dlg_289,"Yes, please do. I hope the new card won’t give me such a headache. I'm really at the end of my rope with this one."
renew__mobile_app,5.277777777777778,detractors,2024-10-14__dlg_681,"Perfect! That sounds easy enough. I really appreciate your clear instructions and the fast service I always receive from your bank. Thank you so much, Alex!"
reset__website,5.277777777777778,detractors,2024-10-14__dlg_727,"Yes, I've already tried that too. I went through the password reset process, but then when I tried to log in with the new password, I got the same error. It’s been a complete waste of time."
find__website,5.25,detractors,2024-10-14__dlg_1423,"That sounds fantastic, Sarah! I'll provide the details right away. A 0% introductory rate is exactly what I was hoping to find. Thank you so much for your help—I made the right choice by reaching out to Maple Bank!"
dispute__website,5.2272727272727275,detractors,2024-10-14__dlg_941,"Thank you for the details. After checking your account, it appears that the charge was a miscellaneous fee related to a service adjustment. However, I'm happy to assist you further by disputing this if it wasn’t authorized or expected."
schedule__forex_account,5.208333333333333,detractors,2024-10-14__dlg_1100,"Absolutely, I’ll ensure you receive all the details in an email shortly. In the meantime, to open the Select Forex Account, you will need to visit one of our branches with your identification documents for verification. I can also schedule a callback to guide you through the process if you need it. Your satisfaction is our priority, and we are here to make this as seamless as possible."
close__account,5.125,detractors,2024-10-14__dlg_402,"Good morning, Emma! I'm Laura. I hope you're doing well. I've had a wonderful experience with BrightFuture Bank over the years, but I am considering closing one of my accounts and I wanted to discuss the process with you."
verify__debit_card,5.108695652173913,detractors,2024-10-14__dlg_12,"I understand. If you’d like to proceed, I’ll just need to verify a few details for security purposes. After verification, I can guide you through the process of withdrawing your debit card. Can you please confirm your account number and the name on the account?"
access__forex_account,5.0,detractors,2024-10-14__dlg_799,"Sure, my account number is 123456789. I’ve tried logging in multiple times today, but it keeps saying my account is inaccessible."
activate__account,5.0,detractors,2024-10-14__dlg_588,"Absolutely, I'll get that information ready for you. Thanks again, Emma. You've made this whole process so pleasant and easy!"
activate__fixed_deposit,5.0,detractors,2024-10-14__dlg_1107,"Sure, my account number is 123456789. I have a fixed deposit of $20,000 that matured yesterday. But when I tried to withdraw it online, the system wouldn't let me. I didn't expect such a hassle; I thought this would be automated."
activate__savings_account,5.0,detractors,2024-10-14__dlg_1227,"Hi, I’m really frustrated right now. I’ve been trying to activate my savings account for days, and nothing seems to be working. Can someone please help me sort this out?"
apply__savings_account,5.0,detractors,2024-10-14__dlg_1984,"Certainly! There is a 3% balance transfer fee for each transfer, but the savings from the lower interest rate might outweigh this cost. To proceed, you can complete the application online or I can help you set it up over the phone. Would you prefer to apply now or need further assistance with anything else?"
block__forex_account,5.0,detractors,2024-10-14__dlg_75,"Hi, I'm really frustrated with my forex account. I've been having issues with unauthorized transactions, and I'm at my wit's end. I just want to block my forex account immediately."
cancel__card,5.0,detractors,2024-10-14__dlg_1709,"Absolutely not! I never asked for another card, and I didn't authorize anyone else. This is clearly a mistake or a security breach on your part. I need this resolved immediately and that card canceled right now."
cancel__forex_account,5.0,detractors,2024-10-14__dlg_12,"No major issues, just reorganizing my accounts and thought it was best to cancel the ones I’m not using much."
cancel__savings_account,5.0,detractors,2024-10-14__dlg_544,"That sounds wonderful, Sarah. I'll make sure the account closure is processed smoothly for you. If there's anything else you need or any assistance required in the future, please don't hesitate to reach out. We’ll be here to welcome you back anytime. Safe travels and best of luck with your new adventure!"
close__savings_account,5.0,detractors,2024-10-14__dlg_402,"It's my savings account that I'm thinking of closing, as I'm streamlining my finances and consolidating accounts. I've always appreciated the excellent service and benefits of this account, which makes it a bit of a bittersweet decision!"
deposit__card,5.0,detractors,2024-10-14__dlg_986,Here it is. But I can't stress enough how disappointing this experience is. I can't rely on a card that fails when I need it most. I am seriously considering depositing the credit card and finding a better alternative.
dispute__others,5.0,detractors,2024-10-14__dlg_1627,Thank you for bringing this to our attention. I’m here to help. Can you please provide me with the date and the amount of the transaction you’re disputing?
earn__card,5.0,detractors,2024-10-14__dlg_1029,"That does sound more appealing, but I'm concerned about the annual fee, especially after my experience with my current card."
exchange__mobile_app,5.0,detractors,2024-10-14__dlg_985,"Absolutely, I can assist with that. Could you please provide me with your new neighborhood or the nearest landmark, and I'll check for all available locations?"
find__credit_card,5.0,detractors,2024-10-14__dlg_986,"I am extremely frustrated with your bank right now. I tried to use my credit card for an emergency purchase, and it got declined! This is beyond unacceptable. What kind of service are you running here?"
find__debit_card,5.0,detractors,2024-10-14__dlg_92,"You're welcome! Take your time to review it, and let us know if there's anything else we can do for you. Have a great day!"
link__account,5.0,detractors,2024-10-14__dlg_1300,"Yes, I do have online banking set up. It’s been really convenient. Could you walk me through the steps to link the new account online?"
link__credit_card,5.0,detractors,2024-10-14__dlg_46,"Hi Sarah! I’ve been really happy with the services at ABC Bank, and I’m considering adding some of my friends as authorized users on my credit card. Could you guide me through the process?"
link__others,5.0,detractors,2024-10-14__dlg_878,"It says something about a “server connection timeout.” I’ve tried refreshing the page and even logged out and back in, but nothing works. This is really inconvenient."
pay__card,5.0,detractors,2024-10-14__dlg_576,"That's wonderful to hear! We're delighted that you're enjoying the rewards from your credit card. Yes, you can certainly make a deposit to your credit card account. This is referred to as a ""positive balance."" It allows you to pay for purchases beyond your current credit limit using the available deposited funds. Would you like help with how to proceed?"
pay__others,5.0,detractors,2024-10-14__dlg_327,"My pleasure! We strive to make banking as convenient as possible for our customers. If you have any more questions or need further assistance, don’t hesitate to get in touch. Have a wonderful day!"
redeem__card,5.0,detractors,2024-10-14__dlg_396,"Hi, Alex. I'm really frustrated right now. I've been trying to use my access card, and it's just not working anywhere! This has been going on for two days, and I'm fed up!"
redeem__mobile_app,5.0,detractors,2024-10-14__dlg_645,"I cleared the cache, but it still doesn’t work. It would be a huge relief if you could help me redeem the points over the phone. I don’t want to miss the flight booking deadline."
renew__atm,5.0,detractors,2024-10-14__dlg_1237,"Hello! Thank you for your kind words. We're delighted to hear that our ATM service is meeting your needs. Could you tell me which location you're referring to, so we can ensure it continues to perform well?"
report__forex_account,5.0,detractors,2024-10-14__dlg_799,"Thank you, Mark. I’m going to perform a quick check on our system to see what might be causing this issue. In the meantime, have there been any notifications or messages when you've tried to log in?"
report__savings_account,5.0,detractors,2024-10-14__dlg_347,"You're very welcome. I’ll send that confirmation right away and include my contact details if you need any further assistance. Thank you for your patience, and we’ll get this resolved for you. Have a good day!"
schedule__current_account,5.0,detractors,2024-10-14__dlg_485,"Absolutely, it’s our pleasure to help. Let me check our schedule for you. Yes, we do have an opening this Friday at 2:00 PM for a new account setup. I'll go ahead and reserve that time for you. Is there anything specific you would like us to prepare or any questions you might have ahead of your appointment?"
select__atm,5.0,detractors,2024-10-14__dlg_337,"That sounds great! I was worried there might be a complicated process involved. This location is so convenient for me, and with how easy it was to use, I’m really looking forward to making it my go-to ATM."
transfer__fixed_deposit,5.0,detractors,2024-10-14__dlg_855,"If you're still experiencing issues after that, I can escalate the problem to our technical team right away to ensure it gets resolved promptly. Meanwhile, I can guide you on alternative ways to make your transfer if that helps. Please keep me updated on how it goes."
unblock__mobile_app,5.0,detractors,2024-10-14__dlg_1151,"I understand how inconvenient this must be, and I apologize for the trouble. It seems that some users are experiencing similar problems. We recommend clearing the app's cache or trying to reinstall it. Can you try those steps and see if that resolves the issue?"
unknown__fixed_deposit,5.0,detractors,2024-10-14__dlg_1704,"Hi, I'm really frustrated right now. I just noticed a fixed deposit account in my online banking that I don't remember setting up. Can you explain why it’s there?"
unlink__loan,5.0,detractors,2024-10-14__dlg_80,"You're very welcome! I'm happy I could help. Congratulations again on your loan approval, and we’re here if you need anything else. Have a wonderful day!"
update__forex_account,5.0,detractors,2024-10-14__dlg_1098,"Hi Alex! I'm doing great, thanks for asking. I recently started trading in the forex market, and I'm really enjoying it! I wanted to see if I could get some updates on my forex account."
update__others,5.0,detractors,2024-10-14__dlg_1645,"Thank you for waiting, Mr. Smith. I see what might have happened here, and I can assist you in updating your contact details now. Could you please confirm the correct information so I can make the necessary changes on our system?"
verify__forex_account,5.0,detractors,2024-10-14__dlg_295,That sounds straightforward. How long does the verification process usually take?
withdraw__card,5.0,detractors,2024-10-14__dlg_1573,"Hi, I'm really fed up with my credit card. I've had multiple issues with it, and I'm seriously considering withdrawing my account with your bank. Can you help me with that?"
reset__mobile_app,4.833333333333333,detractors,2024-10-14__dlg_1558,"Yes, I reset my PIN using the mobile app, which was quite convenient, I must say. I have the new PIN ready."
inquire__current_account,4.821428571428571,detractors,2024-10-14__dlg_1396,"You're welcome! If you have any more questions in the future, feel free to reach out to us. Have a great day!"
close__card,4.8076923076923075,detractors,2024-10-14__dlg_1573,"I'm sorry to hear that you've been experiencing issues with your card. I can certainly help you with the process to close your credit card account, but if you don't mind, could you please share a bit more about the problems you've been facing? Perhaps there's a way we can resolve them for you."
exchange__card,4.8076923076923075,detractors,2024-10-14__dlg_1984,"Great, we have a few options that might suit your needs. One popular choice is our Low-Interest Rate Card, which offers 0% APR on balance transfers for the first 12 months. Would you like to hear more details about this card or explore other options?"
pay__current_account,4.8076923076923075,detractors,2024-10-14__dlg_978,"I actually set up my online banking earlier today, and the interface is super user-friendly! I'm already impressed with the ease of use and service. Thank you so much for the guidance, Emma. I feel confident moving forward."
exchange__atm,4.722222222222222,detractors,2024-10-14__dlg_1061,"Yes, I'll be staying at the Green Tree Inn on Main Street."
inquire__savings_account,4.722222222222222,detractors,2024-10-14__dlg_1088,Hello! Thank you so much for your kind words. We truly appreciate your loyalty and positive sentiment. Let’s take a look at your savings account and see what might be going on. Could you please provide more details about the issue?
retrieve__account,4.722222222222222,detractors,2024-10-14__dlg_1536,"Hi, I'm really frustrated right now. I've been trying to access my account online, but it's just not working. Can you please help me retrieve my account? This has been going on for too long!"
activate__mobile_app,4.6875,detractors,2024-10-14__dlg_1680,I haven't registered yet. I was hoping you could guide me through the steps to set up my mobile app account.
dispute__account,4.6875,detractors,2024-10-14__dlg_1536,"I got the email, and I’ll try it now. Thank you for resolving the issue so quickly!"
unknown__website,4.6875,detractors,2024-10-14__dlg_878,I’m so sorry to hear you’re having trouble with our website. I understand how frustrating that can be. Let’s see what we can do to resolve this issue for you. Could you please tell me if there’s a specific error message that you’re seeing?
access__mobile_app,4.666666666666667,detractors,2024-10-14__dlg_727,"I've tried logging in several times, but each time I get an error saying my credentials are incorrect. I've double-checked my username and password, and I'm sure they're right. This is getting really annoying!"
activate__loan,4.642857142857143,detractors,2024-10-14__dlg_1719,"Yeah, I hope you can help. I'm really frustrated. I've applied for a loan over two weeks ago and there's been nothing but delays and vague updates. I need that loan activated now!"
close__mobile_app,4.642857142857143,detractors,2024-10-14__dlg_1584,"Hi Alex, this is Mark. I just wanted to express how pleased I am with your mobile app’s performance. It’s been really helpful in managing my accounts on the go."
exchange__fixed_deposit,4.642857142857143,detractors,2024-10-14__dlg_1831,"I guess I’ll have to do it over the phone, but I expected better from your bank. It’s disappointing when something as simple as opening a fixed deposit becomes so problematic.   ---"
link__card,4.642857142857143,detractors,2024-10-14__dlg_1709,"Yeah, I'm really frustrated right now. I got this charge on my account from a card I don't even recognize! I need to know what's going on and why there's a card I didn't authorize linked to my account!"
unblock__current_account,4.615384615384615,detractors,2024-10-14__dlg_933,": You're welcome. We appreciate your patience and understanding. If you ever need further assistance, please don't hesitate to reach out. Have a great day!"
inquire__forex_account,4.583333333333333,detractors,2024-10-14__dlg_1161,"You’re welcome! If you have any further questions or need additional assistance, please feel free to reach out to us anytime. Have a great day!"
pay__mobile_app,4.583333333333333,detractors,2024-10-14__dlg_740,"Hi, I’m really frustrated with your mobile app. It constantly crashes and I can’t even complete a simple transaction!"
pay__website,4.583333333333333,detractors,2024-10-14__dlg_1610,"Thank you for your kind words. We strive to make banking as smooth as possible for you. If you have any suggestions or need assistance, feel free to reach out anytime. Is there anything else I can help you with today?"
report__account,4.583333333333333,detractors,2024-10-14__dlg_1970,"Sure, I've got the account number here, it's 12345678. I really hope this isn't some kind of fraud. I'm quite frustrated and just want to get to the bottom of this quickly."
retrieve__loan,4.583333333333333,detractors,2024-10-14__dlg_1459,"Hello, Alex. I would like some information regarding my fixed deposit. I'm not sure about the maturity date and the interest rate applicable to it. Could you help me access these details?"
schedule__mobile_app,4.583333333333333,detractors,2024-10-14__dlg_504,I’ve had enough with your mobile app! It’s absolutely useless and I can't seem to do anything right! It crashes every time I try to schedule payments. This is extremely frustrating.
unknown__atm,4.583333333333333,detractors,2024-10-14__dlg_1409,"Sure, it's located on Main Street, right next to the coffee shop. It doesn't have any branding that I'm familiar with."
update__atm,4.583333333333333,detractors,2024-10-14__dlg_223,"I appreciate that, but it would be helpful if you could update the ATMs more regularly. It's really inconvenient when things like this happen on a busy day."
apply__loan,4.565217391304348,detractors,2024-10-14__dlg_1280,"I'm delighted to help you with that! You can easily apply online or visit any of our branches for assistance. I'll be happy to walk you through the application process to ensure everything goes smoothly. And remember, with your positive credit history, getting approved should be a breeze. Once approved, we'll ensure you receive all the information you need to maximize your rewards. Would you like to start the application now?"
unblock__card,4.53125,detractors,2024-10-14__dlg_778,"Sure, my name is Jamie Brown, and the last four digits are 2398. But honestly, what’s going on here? I’ve never had this problem before."
apply__website,4.5,detractors,2024-10-14__dlg_1230,"No problem at all! The application process is quite straightforward. You can either apply online through our website, in one of our branches, or I can assist you with the application over the phone. Would you prefer to apply online, or would you like help from a representative?"
dispute__mobile_app,4.5,detractors,2024-10-14__dlg_1924,"Hi Alex, I'm wondering if you could help me with an issue I'm having with your mobile app. I made a transaction earlier, but it seems like the amount was deducted twice from my account. I'm looking to get that corrected."
redeem__atm,4.5,detractors,2024-10-14__dlg_509,"It's the one on Maple Street, Block 5. Every time I try to withdraw money, it either doesn't dispense cash or says it's temporarily out of service. I've tried a few times over the past week."
unblock__loan,4.5,detractors,2024-10-14__dlg_495,"It was blocked just yesterday when I was trying to deposit some money. I didn’t receive any notification, it just stopped working! This isn’t the first time it’s happened either."
verify__website,4.5,detractors,2024-10-14__dlg_1806,"I understand your concern, and I appreciate you bringing this to our attention. Could you please provide me with the URL or the name of the website? I'll check if it's affiliated with our bank."
close__current_account,4.473684210526316,detractors,2024-10-14__dlg_675,"I understand your decision and I respect it. I’ll guide you through the account closure process to ensure it goes as smoothly as possible. If you ever reconsider in the future, we’d be glad to have you back. Let me just take a few details to close your account, and if there’s anything else you need, please let me know."
transfer__current_account,4.444444444444445,detractors,2024-10-14__dlg_103,"Hi, I’m really frustrated with my current experience. I’d like to discuss transferring my account to another bank."
unblock__account,4.444444444444445,detractors,2024-10-14__dlg_799,"I completely understand your concern, Mark, and I apologize for the inconvenience this has caused. There seems to have been a temporary security lock on your account, possibly due to suspicious activity detected by our system. I'll unlock it for you right now. Additionally, I'll ensure you receive a detailed email about the issue and how to prevent it in the future. Is there anything else I can do for you today?"
inquire__website,4.404761904761905,detractors,2024-10-14__dlg_933,: I'm sorry to hear that you've been having trouble. I understand how frustrating that must be. Let me gather some details and we'll sort this out together. Could you please tell me more about the issue you're facing?
access__account,4.375,detractors,2024-10-14__dlg_985,Fantastic! That's really helpful. I appreciate how your bank makes banking so accessible. Thanks for all the assistance!
deposit__atm,4.375,detractors,2024-10-14__dlg_41,: Hi there! I'm planning to deposit some cash and I just want to make sure that the ATM at my local branch is up and running. Can you help me with that?
link__debit_card,4.375,detractors,2024-10-14__dlg_1747,"That’s perfect! Thank you so much, Emily. It was such a smooth experience. I appreciate your help. That's all I needed today. Have a great day!"
open__mobile_app,4.375,detractors,2024-10-14__dlg_1151,"I believe I'm using the latest version because I updated it just last week. I’ve already restarted my phone twice, but the app still refuses to open. This is really inconvenient."
pay__atm,4.375,detractors,2024-10-14__dlg_1237,Hi there! I just wanted to express my gratitude for the excellent service provided at one of your ATMs near my place. It makes banking so easy and convenient!
unblock__atm,4.375,detractors,2024-10-14__dlg_1558,"Hi, I've been having such a smooth experience with your bank lately. I recently moved to a new area and just realized my ATM was blocked after entering the wrong PIN multiple times. Could you help me out with unblocking it?"
reset__card,4.318181818181818,detractors,2024-10-14__dlg_396,"Thank you, Jamie. After reviewing your account, it seems there’s an issue with the card authorization that needs to be reset on our end. I’m going to handle this right now. Please hold for a moment while I process the reset. I assure you we’ll have you up and running shortly."
block__card,4.305555555555555,detractors,2024-10-14__dlg_295,"You're welcome! I'm glad I could assist. Have a great day, and feel free to reach out if you have any further questions or need assistance. Goodbye!"
inquire__loan,4.305555555555555,detractors,2024-10-14__dlg_599,"I’m really sorry to hear about your frustrating experience, and I appreciate you bringing it to my attention. Let me first pull up your application details to see what’s causing the delay. Can you please provide your application reference number or any other relevant details?"
earn__savings_account,4.285714285714286,detractors,2024-10-14__dlg_687,"We have a standard savings account that might be right for you. It offers competitive interest rates, requires no minimum balance to open, and includes online banking services. Would you like me to explain more about the interest rates and any associated fees?"
activate__atm,4.25,detractors,2024-10-14__dlg_1537,"Of course! Activating your debit card is a straightforward process. You can do it through our mobile app, internet banking, or by visiting an ATM. Do you have a preference?"
earn__debit_card,4.25,detractors,2024-10-14__dlg_1939,": Well, with my current account, I'm not getting any returns or perks despite maintaining a high balance and regularly using my debit card. I just feel like I'm not getting any value from it."
find__loan,4.25,detractors,2024-10-14__dlg_1939,: That does sound better. I’d like to explore this option more. Thanks for the explanation!
redeem__website,4.25,detractors,2024-10-14__dlg_396,"Thank you for your patience. If the issue persists, please call us back immediately, and we'll explore other solutions. We value your business and are committed to ensuring this doesn’t happen again. Is there anything else I can help you with today?"
report__debit_card,4.230769230769231,detractors,2024-10-14__dlg_1903,"I guess that’s fine, but I’m still disappointed I wasn’t notified. I need to make sure this doesn’t happen again."
reset__account,4.21259842519685,detractors,2024-10-14__dlg_1134,Good morning! Thank you for calling ABC Bank. My name is Jordan. How can I assist you today?
deposit__savings_account,4.166666666666667,detractors,2024-10-14__dlg_43,"Hello! It's wonderful to hear that you're considering us for your banking needs. We offer several features with our deposit current accounts, including unlimited transactions, easy fund transfers, and online banking facilities. Can I provide more details on any specific aspect?"
dispute__loan,4.166666666666667,detractors,2024-10-14__dlg_1480,"Thank you for sharing your information with me. Let me check the status of your application right away. [Pause] It appears that there might have been some additional documents needed, which possibly wasn't communicated clearly. I apologize for the inconvenience. I’m here to help ensure we can move forward with your loan application effectively."
find__fixed_deposit,4.166666666666667,detractors,2024-10-14__dlg_1459,"Of course, I'd be happy to help you with that. Could you please provide me with your account number or the fixed deposit reference number so I can look up the necessary details for you?"
pay__debit_card,4.166666666666667,detractors,2024-10-14__dlg_1627,"Sure, it was on October 10th, and the amount was $75. I don’t have any recollection of making or authorizing that payment."
report__card,4.166666666666667,detractors,2024-10-14__dlg_1627,"I haven’t lost my card, and everything else seems fine. This transaction just doesn’t ring a bell."
retrieve__website,4.166666666666667,detractors,2024-10-14__dlg_96,"Hi, I'm trying to visit your bank's website, but I'm not quite sure if I have the correct URL. Could you help me with that?"
unknown__debit_card,4.166666666666667,detractors,2024-10-14__dlg_1360,This is ridiculous! Why wasn’t I notified about this beforehand? I’m really not happy with how inconvenient this is.
verify__account,4.166666666666667,detractors,2024-10-14__dlg_1396,"Yes, that works for me. What do I need to have ready or any details I might need to confirm?"
dispute__savings_account,4.0625,detractors,2024-10-14__dlg_1134,"Thank you so much, Jordan! You've been incredibly helpful and made this process so smooth. I really appreciate the quick resolution, and this experience keeps my trust strong with ABC Bank."
exchange__loan,4.0625,detractors,2024-10-14__dlg_269,"Absolutely! To maximize your cashback, you should regularly check the offers on our website, as we update them frequently. You can also use our app to get real-time notifications of new offers. Additionally, consider using our affiliated cashback credit card for purchases, as it often provides increased cashback rates with partnered merchants."
report__website,4.0625,detractors,2024-10-14__dlg_574,Thank you. I appreciate you sorting this out. I'll be keeping an eye on my next statement to ensure it doesn't show up again. That's all for now.
withdraw__forex_account,4.0625,detractors,2024-10-14__dlg_675,"It's just been endless fees for things I never agreed to, along with unhelpful responses from customer support every time I call. There's no way I’m staying with a bank that doesn’t value its customers."
access__website,4.038461538461538,detractors,2024-10-14__dlg_241,"It doesn’t show any error messages. It just sits there on the loading screen, and nothing happens. I've already tried restarting my phone, but that didn’t help."
reset__current_account,4.038461538461538,detractors,2024-10-14__dlg_1536,"It's Jane Bennett. The email is jane.bennett@email.com. I’ve tried resetting my password multiple times, but the system keeps giving me errors."
apply__account,4.0,detractors,2024-10-14__dlg_1410,"Yes, I’d appreciate that. Thank you for the information, Alex. I’ll look over the details and consider applying."
deposit__fixed_deposit,4.0,detractors,2024-10-14__dlg_1224,"Absolutely! I am thinking of investing $10,000 for a duration of 2 years. I’ve heard good things about Sunnyside Bank’s fixed deposit rates, and I’m eager to make this investment."
retrieve__forex_account,4.0,detractors,2024-10-14__dlg_1426,"You're very welcome! If you need any more assistance or have further questions as you explore, feel free to reach out. We're always here to help."
dispute__debit_card,3.9583333333333335,detractors,2024-10-14__dlg_1134,"Certainly! There’s a transaction dated September 15th for $150 at Green Grocery Store, but I recall the purchase should have been for $120. Could you check this for me?"
block__mobile_app,3.888888888888889,detractors,2024-10-14__dlg_1304,"Hi, I'm really frustrated with your bank's mobile app. It crashes every time I try to log in, and I've had enough! I just want to block it and stop using it altogether."
unknown__account,3.8636363636363638,detractors,2024-10-14__dlg_1536,"Hello, I'm sorry to hear about the trouble you're experiencing. I understand how frustrating it must be. Let’s see what we can do to resolve this. May I have your full name and the email address associated with your account to get started?"
find__atm,3.8333333333333335,detractors,2024-10-14__dlg_1061,"Hi, I'm planning a trip out of town this weekend, and I need to withdraw some cash. Could you help me locate the nearest ATM from my hotel?"
access__current_account,3.823529411764706,detractors,2024-10-14__dlg_1373,"Hi, good afternoon! I'm really excited because I've just opened a current account with your bank, and I've heard great things about your services. Could you guide me on how to access my new account online?"
access__loan,3.75,detractors,2024-10-14__dlg_1433,"Sure. The website is slow, and sometimes it just crashes. It’s difficult to navigate, and my card details often fail to save, which makes transactions frustrating. I’m thinking it might be better to just manage my accounts through other means."
cancel__atm,3.75,detractors,2024-10-14__dlg_1147,"Hi, I need to speak with someone about a very frustrating experience at one of your ATMs. It ate my card, and I am utterly fed up! I just want to cancel this ATM card altogether."
close__forex_account,3.75,detractors,2024-10-14__dlg_171,"I appreciate that. I just don’t use it much anymore, and I’d like to simplify my finances by having fewer accounts to manage."
deposit__current_account,3.75,detractors,2024-10-14__dlg_43,"Hello, I'm interested in opening a deposit current account with your bank. I've heard great things about your services, and I would like to know more about the benefits and features you offer."
refund__atm,3.75,detractors,2024-10-14__dlg_223,"Thank you for sharing the details. I’ll make sure to escalate this issue to our maintenance team right away. We are also reviewing all ATM locations for any potential upgrades to prevent this from happening in the future. Your feedback is vital to us, and I assure you we are taking this seriously."
report__fixed_deposit,3.75,detractors,2024-10-14__dlg_1107,"Yes, please do that. I rely on timely access to my money, and this has been really stressful. I hope this gets sorted out fast. Also, please ensure this doesn’t happen in the future."
schedule__card,3.75,detractors,2024-10-14__dlg_783,"Absolutely, Jane. I've set up a virtual card, and you should receive an email with the details shortly. I'll personally follow up on the delivery status of your new card to ensure it reaches you without further delay. I'm sorry for the inconvenience and appreciate your patience."
update__debit_card,3.6363636363636362,detractors,2024-10-14__dlg_1145,"That sounds perfect, Alex. I really appreciate how efficient and secure your procedures are. I’ll keep an eye on my email and make sure to update the PIN right away. Thanks for the help!"
update__loan,3.5714285714285716,detractors,2024-10-14__dlg_725,"Thank you for verifying that information. To update your address, you can either do it through our mobile app, on the website, or I can assist you right here. Which option would you prefer?"
find__card,3.5,detractors,2024-10-14__dlg_1729,"I’m sorry to hear about your experience, and I understand how frustrating that must be. Let’s see what we can do. Can you please provide me with your card number and any error message you received?"
redeem__account,3.5,detractors,2024-10-14__dlg_581,Good morning! Welcome to [Bank's Name]. My name is Alex. How can I assist you today?
refund__card,3.5,detractors,2024-10-14__dlg_615,"Yeah, I inserted my card and tried to withdraw $200, but the machine froze and then said there was an “unknown error.” It didn’t dispense any cash, and I’m worried it might have deducted the money from my account."
refund__credit_card,3.5,detractors,2024-10-14__dlg_1826,"""I am really frustrated right now. I've been trying to get my refund processed for a transaction on my credit card, and it's been weeks with no update. Can someone please explain what's going on?"""
select__account,3.5,detractors,2024-10-14__dlg_43,"Perfect, that sounds exactly like what I need. How do I go about opening an account, and is there anything specific I need to prepare beforehand?"
block__debit_card,3.484848484848485,detractors,2024-10-14__dlg_871,You’re welcome! Thank you for calling XYZ Bank. Have a great day!
retrieve__current_account,3.409090909090909,detractors,2024-10-14__dlg_1459,"Sure, my account number is 123456789. Let me know if you need any additional information from me."
access__card,3.3333333333333335,detractors,2024-10-14__dlg_727,"Hi, I'm really frustrated right now. I've been trying to access my credit card account online, and it's just not working. I need to sort this out immediately!"
block__loan,3.3333333333333335,detractors,2024-10-14__dlg_1979,"Hi, I’m really frustrated with this whole loan thing. I’ve been trying to sort this out for weeks and the communication has been awful. I want to block this loan immediately. Can you help me with that?"
close__loan,3.3333333333333335,detractors,2024-10-14__dlg_1198,"Hi Alex, I hope you're doing well. I'm Sarah, and I've recently completed the repayment of my personal loan with your bank. I just wanted to make sure everything is all set, and perhaps close the loan formally."
exchange__debit_card,3.3333333333333335,detractors,2024-10-14__dlg_1647,"You're welcome, Jane! Have a great day ahead, and thank you for choosing XYZ Bank."
transfer__loan,3.3333333333333335,detractors,2024-10-14__dlg_414,"Sure, my application ID is PL1234567. But honestly, I thought this process would be quicker. I needed the loan to consolidate some debt before the interest rates went up."
update__credit_card,3.3333333333333335,detractors,2024-10-14__dlg_1423,"Thank you, Jason! We’re excited to have you consider us for your credit card needs. Once we have processed your application, I’ll ensure to keep you updated every step of the way. If there’s anything else you need in the meantime, feel free to reach out."
verify__current_account,3.3333333333333335,detractors,2024-10-14__dlg_1536,"Thank you, Jane. Let me quickly check your account details. It seems like there might be an issue with the authentication process. I’ll guide you through a secure account recovery process. Could you please confirm your delivery address for verification purposes?"
verify__loan,3.235294117647059,detractors,2024-10-14__dlg_1198,"Hi Sarah, I'm glad to hear from you today! Thank you for reaching out to us. Congratulations on successfully completing your loan repayment. Let’s take a moment to review your account and confirm the closure of your loan. Could you please provide me with your account or loan number for verification?"
earn__credit_card,3.2142857142857144,detractors,2024-10-14__dlg_289,"I am extremely frustrated with this credit card! It keeps getting declined at several local stores, even though I've made sure there's plenty of credit available. This is really embarrassing and inconvenient for me."
inquire__debit_card,3.1818181818181817,detractors,2024-10-14__dlg_681,"You're very welcome! I'm so glad to hear that you've had a positive experience with us. If you have any other questions or need further assistance, feel free to reach out anytime. Enjoy using your new debit card, and have a wonderful day!"
activate__current_account,3.125,detractors,2024-10-14__dlg_1232,"I am extremely frustrated with your bank right now. I've been trying to activate my current account for over a week, and I keep running into issues. This is completely unacceptable!"
update__savings_account,3.125,detractors,2024-10-14__dlg_495,"Absolutely, I’ll update your preferences to ensure you receive timely notifications. Thank you for bringing this to our attention, and we appreciate your patience. If there’s anything else you need, feel free to contact us anytime."
withdraw__account,3.0357142857142856,detractors,2024-10-14__dlg_1300,"That sounds straightforward, Alex! Thank you so much for your assistance. I’ll go ahead and do that now. You've been really helpful, and I appreciate the support. Have a great day!"
deposit__debit_card,3.0,detractors,2024-10-14__dlg_1127,"I appreciate the provisional credit, but I've heard that these things can take forever. I really need my money back quickly, and I need to know I'm not going to end up out of pocket."
inquire__fixed_deposit,3.0,detractors,2024-10-14__dlg_1319,"Good morning, Alex! I hope you're having a great day. I'm really pleased with the services your bank has provided. I would like to discuss an aspect of my fixed deposit."
verify__mobile_app,3.0,detractors,2024-10-14__dlg_599,"Thank you for that information. I understand the urgency, and I’m truly sorry for the inconvenience. I will expedite my search and see what’s happening with your application. While I’m doing this, could you please confirm if you've received any communication from us via email or mail that might have gone unnoticed?"
redeem__debit_card,2.96875,detractors,2024-10-14__dlg_1889,"You're welcome! Have a great day, and feel free to reach out anytime you need further assistance."
dispute__current_account,2.9545454545454546,detractors,2024-10-14__dlg_1134,"Hi, Jordan! I'm Alice. I recently received my account statement, and I'm very happy with the interest that was credited. Everything seems accurate, but I noticed a small discrepancy in one of the transactions. Could you help me with that?"
refund__current_account,2.9545454545454546,detractors,2024-10-14__dlg_1889,Thank you for the information. Let me verify this for you. Please hold on for a moment while I check the details. [pause] Thank you for waiting. I see here that the refund has been processed from the merchant's end on the 12th. It typically takes 5 to 7 business days to reflect in your account. Have you checked your recent transactions?
refund__debit_card,2.9166666666666665,detractors,2024-10-14__dlg_298,"Certainly! The transaction was on October 5th for $85.50, and it doesn’t match any of my usual expenses."
report__current_account,2.9166666666666665,detractors,2024-10-14__dlg_920,"You're welcome, Jamie. I apologize once more for the inconvenience caused, and I hope we can serve you better in the future. If you have any more questions or need assistance, please don't hesitate to contact us. Have a good day."
select__credit_card,2.9166666666666665,detractors,2024-10-14__dlg_1230,"Hello! I'd be happy to help. We have a variety of credit cards with different benefits. Are you looking for any specific features, like cashback, travel rewards, or low interest rates?"
access__atm,2.857142857142857,detractors,2024-10-14__dlg_1536,"Sure, it's 123 Maple Street, Springfield. I really hope we can get this sorted soon because I need to access my account today."
inquire__card,2.8125,detractors,2024-10-14__dlg_1360,"I am absolutely frustrated right now! My card just got declined at the grocery store, and I have no clue why this is happening. What is going on with it?"
unknown__savings_account,2.7083333333333335,detractors,2024-10-14__dlg_941,"Oh, that’s great to know! I wasn’t sure what it was for, so a review would be fantastic. Thanks again for putting my mind at ease and for being so helpful throughout this process."
access__fixed_deposit,2.5,detractors,2024-10-14__dlg_739,"I’ve already tried using a different browser and clearing my cache, but it didn’t help. I need to access my account soon. What are my other options?"
access__others,2.5,detractors,2024-10-14__dlg_778,"Alright, fine. But please make sure this actually solves the problem. I'm starting to lose patience here."
block__credit_card,2.5,detractors,2024-10-14__dlg_1809,"That sounds perfect! I’ll double-check my belongings again, just to be sure. I really appreciate the alert system; it gives me peace of mind. And yes, please go ahead and temporarily freeze the card for now."
cancel__website,2.5,detractors,2024-10-14__dlg_574,"Hi, I'm really frustrated right now! I've been trying to reach someone to cancel a service for days and I'm getting nowhere. I just want to cancel that over-priced ""Others"" fee I'm being charged each month. It's ridiculous!"
deposit__mobile_app,2.5,detractors,2024-10-14__dlg_214,"Every time I try to deposit via the mobile app, it crashes. When I went to the branch, the teller said there was a system issue. It’s been two days, and I don’t understand why this is so difficult!"
dispute__atm,2.5,detractors,2024-10-14__dlg_752,"I completely understand your concerns, and I’m going to escalate this issue to our ATM operations team as a priority so they can find a permanent solution. We appreciate your patience and understanding, and I’ll ensure we follow up with you once the issue is resolved. Thank you for giving us the opportunity to address this."
dispute__card,2.5,detractors,2024-10-14__dlg_986,"I completely understand your frustration. I can assure you we're committed to resolving this issue, and I'll make it my priority to find out why your card transaction was declined. We're also open to discussing other options that could better meet your needs before you make any final decisions about your credit card."
earn__account,2.5,detractors,2024-10-14__dlg_1450,That sounds promising. How about the fees and the process to open the account? Could you elaborate on those?
inquire__atm,2.5,detractors,2024-10-14__dlg_223,"I’m extremely frustrated right now. I went to your ATM on Main Street, and not only was it out of cash, but the screen also froze when I tried to check my balance. What’s going on with your machines?"
redeem__forex_account,2.5,detractors,2024-10-14__dlg_1508,"Where do I start? The fees keep piling up, and I was charged overdraft fees despite having more than enough funds last week! This isn't the first time something like this has happened. I’m fed up!"
refund__fixed_deposit,2.5,detractors,2024-10-14__dlg_1831,"I sincerely apologize for the inconvenience. We strive to provide seamless service, and it’s clear we didn’t meet those expectations. Let’s get the fixed deposit set up for you now, and I’ll also ensure your feedback reaches our management to prevent this from happening again. Your trust is important to us. Can you please confirm the amount and term for the fixed deposit so we can proceed?"
renew__others,2.5,detractors,2024-10-14__dlg_1647,"At this point, we have everything we need from you. However, if you haven’t received an update within the next week, feel free to get back in touch. Is there anything else I may assist you with today?"
report__credit_card,2.5,detractors,2024-10-14__dlg_495,Thank you for the information. I can see there was a hold placed due to a temporary security check. I’ll ensure it’s lifted immediately and make a note so this doesn’t happen again. You should receive a confirmation shortly. Can I do anything else to improve your experience with us?
report__others,2.5,detractors,2024-10-14__dlg_615,"You’re welcome. I apologize again for the inconvenience, and thank you for bringing this to our attention. Have a great day, and feel free to contact us if you need further assistance."
retrieve__atm,2.5,detractors,2024-10-14__dlg_1095,"Sure. My name is Alex Johnson, and my account number is 0123456789. But it's been a nightmare, especially this morning when I needed cash urgently, and the ATM couldn’t read my card!"
retrieve__card,2.5,detractors,2024-10-14__dlg_1095,I hope you find something because the card should be fully functional. I’ve been using it for normal transactions without any problems until recently.
retrieve__fixed_deposit,2.5,detractors,2024-10-14__dlg_1107,"Hi Alex, I'm really frustrated right now. I opened a fixed deposit with you guys a year ago, and now that I need the money, I'm finding it very difficult to retrieve it. This should be a straightforward process!"
schedule__fixed_deposit,2.5,detractors,2024-10-14__dlg_1704,Thank you for sharing that information. Let me pull up the details for you. [Pauses for a moment] It appears that this fixed deposit was set up on October 5th. Was there a chance that this could have been set up in a branch visit or perhaps through a scheduled service via your online portal?
select__card,2.5,detractors,2024-10-14__dlg_1029,I’m sorry to hear you’re not satisfied with your current credit card benefits. We value your loyalty and would love the opportunity to find a card that better suits your needs. May I ask what specific features or rewards you’re looking for in a new credit card?
transfer__website,2.5,detractors,2024-10-14__dlg_1279,"Hi there! I recently started using your bank's online transfer services on the website, and I just wanted to share how impressed I am with how smooth the process is."
unknown__card,2.5,detractors,2024-10-14__dlg_508,I’m really sorry to hear about the inconvenience you’re experiencing. Let’s see how we can resolve this for you. Can you please confirm if you received any notifications or messages from the bank regarding your card before this happened?
verify__others,2.5,detractors,2024-10-14__dlg_1605,"Well, I appreciate your assistance, but this experience has been really off-putting. Please ensure this set up goes smoothly from here on out. I'll be expecting that confirmation."
apply__debit_card,2.142857142857143,detractors,2024-10-14__dlg_650,"Yes, that sounds like a good fit for me. Could you walk me through the application process and let me know what documents are required?"
refund__forex_account,2.0,detractors,2024-10-14__dlg_1889,"Hello! I understand your concern. Could you please provide me with the date the refund was initiated and the transaction amount? That way, I can look into it for you."
exchange__website,1.875,detractors,2024-10-14__dlg_1872,"Hi, I am really frustrated with the issues I've been having with your website. Every time I try to log in, it's either extremely slow or it just doesn't load at all. I'm getting really close to switching banks because of this consistent problem."
open__loan,1.875,detractors,2024-10-14__dlg_43,Thank you so much for the information. I'm really looking forward to banking with you. Your services seem to fit my needs perfectly. I'll go ahead and start the application online.
update__fixed_deposit,1.875,detractors,2024-10-14__dlg_103,"I apologize for the inconvenience you've encountered with our online services. I understand how frustrating that must be. Let us try to make this right for you. We recently introduced enhanced features and support for our portal. Could I walk you through these new improvements, or perhaps we could escalate your issues to a dedicated specialist for immediate assistance?"
cancel__credit_card,1.6666666666666667,detractors,2024-10-14__dlg_920,"Sure, it's Jamie Thompson, and my account number is 1234 5678 9012. But honestly, I'm not interested in any more apologies or investigations. I just want to cancel the card."
inquire__account,1.5,detractors,2024-10-14__dlg_1970,"Hi, I recently received a statement for an account at your bank, but I don't remember ever opening it. I'm really concerned about this. Can you help me understand what's going on?"
schedule__website,1.5,detractors,2024-10-14__dlg_1232,"The last time I attempted was yesterday afternoon, and the page just kept saying ""Service unavailable."" I can't keep wasting my time like this."
transfer__mobile_app,1.5,detractors,2024-10-14__dlg_855,"Hi, I'm really frustrated with your banking app. It freezes every time I try to transfer money. What's going on?"
dispute__fixed_deposit,1.25,detractors,2024-10-14__dlg_1605,"Absolutely, I’ll prioritize your application and keep you updated every step of the way until your fixed deposit is successfully set up. I’m committed to resolving this and ensuring a smoother experience in the future. Thank you for giving us the chance to rectify this situation, and we hope to retain your valued relationship with ABC Bank."
find__others,1.25,detractors,2024-10-14__dlg_87,That’s better. But how long will it take before this issue is fully resolved? I can’t afford to have this hanging over my head.
unlink__forex_account,1.25,detractors,2024-10-14__dlg_151,"No particular reason, I just decided to manage my finances differently and streamline my accounts. Could you guide me on the process?"
refund__website,1.0,detractors,2024-10-14__dlg_1826,"""I’m truly sorry to hear about this inconvenience, and I understand how frustrating it must be not to receive your refund. Let me assure you that I am here to help resolve this issue as quickly as possible. Could you please provide me with the transaction details or any reference number you might have?"""
receive__account,0.0,detractors,2024-10-14__dlg_1964,"That sounds great! I’m glad the process is straightforward. I haven’t had any issues with my account, so I’m sure everything is accurate. What details do you need from me today?"
redeem__savings_account,0.0,detractors,2024-10-14__dlg_1030,"Absolutely, I understand. To redeem your reward points, you need to log in to your online banking account. Once you're logged in, look for the ‘Rewards’ or ‘Loyalty Program’ section, which is usually found under the ‘Services’ or ‘Offers’ tab. Does this match what you’re seeing on the website?"
renew__loan,0.0,detractors,2024-10-14__dlg_562,"Certainly! For a $10,000 deposit with a tenure of one year, you would earn an interest rate of Y%. Plus, our fixed deposit account offers benefits such as quarterly compounding interest and the option to automatically renew upon maturity. Would you like assistance in setting this up?"
select__debit_card,0.0,detractors,2024-10-14__dlg_78,"Of course! I'm doing well, thank you for asking. I'm glad to hear you're interested in our debit card. To get started, could you please let me know if you already have an account with us?"
select__others,0.0,detractors,2024-10-14__dlg_199,I think doing it over the phone sounds convenient right now. I really appreciate how straightforward and helpful you guys have been. It's made the decision a lot easier for me.
unblock__others,0.0,detractors,2024-10-14__dlg_1296,: Perfect. Please don’t hesitate to reach out if you encounter any issues or need further assistance during the process. I'm here to help!
