﻿aspect_topic,avg_sentiment_score,nps_group,rep_dlg_id,rep_text
deposit__others,10.0,promoters,2024-10-14__dlg_1971,"Yes, I was thinking about starting with $10,000 for a period of 12 months. I heard the rates are pretty competitive right now."
receive__credit_card,10.0,promoters,2024-10-14__dlg_451,"Hi, Jordan! I hope you're having a great day. I'm really excited as I've just been approved for one of your credit cards, and I'd love to know when I can expect to receive it."
update__loan,10.0,promoters,2024-10-14__dlg_765,"Hi, good afternoon! I’m really happy with the service I've been getting from your bank, and I'm calling today because I’d like to update one of my fixed deposits. Could you help me with that, please?"
exchange__credit_card,9.5,promoters,2024-10-14__dlg_308,"Sure! I currently have the [Basic Credit Card]. I'm really interested in the [Platinum Card] because of the travel rewards and the complimentary lounge access. It seems perfect for my lifestyle, especially because I travel frequently."
unblock__credit_card,9.0,promoters,2024-10-14__dlg_36,"Hello, I’m calling to inquire about unblocking my credit card. I believe it was temporarily blocked after some unusual activity was detected."
cancel__fixed_deposit,8.928571428571429,passives,2024-10-14__dlg_1319,"Of course! I've been very happy with the returns I’ve received from my fixed deposit with ABC Bank. However, after some thoughtful consideration, I've decided to cancel it for now and use the funds for another opportunity I’m excited about. Can you guide me through the cancellation process?"
close__credit_card,8.5,passives,2024-10-14__dlg_1661,"Good morning, Sarah! My name is John, and I'm having a wonderful day. I hope you are too. I'm actually calling because I'm looking to close one of my credit cards with your bank. Could you help me with that?"
unlink__website,8.5,passives,2024-10-14__dlg_1433,"Hi, I’m really frustrated right now. I’ve been trying to pay my bills through your bank’s website, but it’s just not working. I’ve experienced several issues, and honestly, I’m considering unlinking the website from my accounts. Can you help me with that process?"
apply__others,8.333333333333334,passives,2024-10-14__dlg_1410,That sounds interesting. Could you also let me know about any annual fees or any other charges that might apply?
select__mobile_app,8.333333333333334,passives,2024-10-14__dlg_1873,"That’s great news, thank you! I’m really looking forward to it arriving so I can try out some of the features you guys have been advertising, like the contactless payment. I appreciate your help, Emily!"
close__atm,8.214285714285714,passives,2024-10-14__dlg_1936,"Certainly! I’m currently in the downtown area near Elm Street. Your bank’s services have been incredible, so I’m eager to have access to an ATM close by for my daily needs."
transfer__others,8.0,passives,2024-10-14__dlg_536,That sounds great! I'm really impressed with how simple and straightforward this process is. I appreciate your help with making my banking even more convenient.
select__website,7.916666666666667,passives,2024-10-14__dlg_160,"That sounds exactly like what I need! I really appreciate how you’ve explained it. How can I proceed with selecting the right combination for my needs? Do I need to visit a branch, or can we handle it over the phone or online?"
earn__debit_card,7.8,passives,2024-10-14__dlg_1939,": Well, with my current account, I'm not getting any returns or perks despite maintaining a high balance and regularly using my debit card. I just feel like I'm not getting any value from it."
select__fixed_deposit,7.608695652173913,passives,2024-10-14__dlg_1704,"I haven’t been to a branch in ages, and I'm sure I didn't do anything like that online. I would have remembered setting up a fixed deposit!"
access__others,7.5,passives,2024-10-14__dlg_778,"Alright, fine. But please make sure this actually solves the problem. I'm starting to lose patience here."
open__others,7.5,passives,2024-10-14__dlg_1921,I think doing it online would be much more convenient for me right now.
receive__mobile_app,7.5,passives,2024-10-14__dlg_968,"Yes, please! That would be amazing. I'm eager to dive in, and having those resources will be a tremendous help as I get started. Thanks, Alex, for all the information and support!"
refund__others,7.5,passives,2024-10-14__dlg_1799,"Yes, it does. Thanks for the explanation, Emily. I’ll take some time to consider if it’s the right fit for my needs. If I decide to proceed, should I contact you again?"
refund__savings_account,7.5,passives,2024-10-14__dlg_184,"""I want to confirm the outstanding balance and the next payment due date. I've been getting conflicting information, and it's incredibly frustrating to keep track."""
report__savings_account,7.5,passives,2024-10-14__dlg_424,"Honestly, you've all done a brilliant job, and I can't think of any improvements at the moment. I just wanted to express my gratitude and commend you all for the fantastic service. Keep up the great work!"
unlink__credit_card,7.5,passives,2024-10-14__dlg_1985,"Hello, Sarah. I hope you're doing well. I'd like to unlink my credit card from my online banking account. Could you guide me through the process?"
renew__savings_account,7.375,passives,2024-10-14__dlg_828,"Yes, that's correct. I want to ensure that the funds stay untouched until the maturity date."
inquire__current_account,7.2926829268292686,passives,2024-10-07_1017--3424,hello  i noticed the money for an item i purchased online and have already received has been returned to my checking account was there an issue with the merchant accepting my payment or possibly with the bank sending it
schedule__savings_account,7.291666666666667,passives,2024-10-14__dlg_485,"Good morning, Alex! I hope you're having a great day. I wanted to discuss scheduling an appointment to open a new savings account with your bank. I've heard so many good things about your services and I'm really looking forward to becoming a customer."
apply__card,7.2821350762527235,passives,2024-10-07_1017--51,is there a way i can get my card expedited
refund__forex_account,7.2727272727272725,passives,2024-10-14__dlg_1270,I shouldn’t have to go through this. There are two charges from a store I’ve never even visited. It’s not the first time this month. I need those amounts refunded to my account without more hassle.
schedule__account,7.261904761904762,passives,2024-10-07_1017--778,can i set the account to auto topup
withdraw__debit_card,7.2368421052631575,passives,2024-10-14__dlg_1718,"That sounds perfect, Alex. You’ve been immensely helpful. There's nothing else for now; I just appreciate the friendly and efficient service. Have a wonderful day ahead!"
earn__account,7.222222222222222,passives,2024-10-14__dlg_1450,That sounds promising. How about the fees and the process to open the account? Could you elaborate on those?
transfer__credit_card,7.214285714285714,passives,2024-10-07_1017--2201,i want to transfer money using my credit card
unblock__mobile_app,7.1875,passives,2024-10-07_1017--1145,can i unblock my pin in the app
renew__mobile_app,7.166666666666667,passives,2024-10-14__dlg_681,"Perfect! That sounds easy enough. I really appreciate your clear instructions and the fast service I always receive from your bank. Thank you so much, Alex!"
inquire__savings_account,7.13903743315508,passives,2024-10-07_1017--1810,why did my cash deposit not show up
transfer__savings_account,7.131578947368421,passives,2024-10-07_1017--3709,i would like to transfer money from my checking account to my savings account
inquire__forex_account,7.129817444219067,passives,2024-10-07_1017--286,do you know the rate of exchange
link__card,7.125850340136054,passives,2024-10-07_1017--149,my card has been found is there any way for me to put it back into the app
select__credit_card,7.083333333333333,passives,2024-10-14__dlg_468,I think I'm most interested in a credit card that offers cashback on everyday purchases. What do you have that fits that criteria?
reset__atm,7.045454545454546,passives,2024-10-07_1017--3533,which atms am i able to change my pin
open__credit_card,7.0,passives,2024-10-14__dlg_468,"Hello, I'm interested in opening a new credit card with your bank, and I wanted to understand a bit more about the options available. Could you help me with this?"
redeem__credit_card,7.0,passives,2024-10-14__dlg_909,"Thank you, Sarah. I just wanted to let the bank know how much I've appreciated the support and benefits. It really enhances my travel experiences. I think that's it for now, but I’ll definitely reach out again if I need any assistance."
open__account,6.97289156626506,detractors,2024-10-07_1017--1066,i want to open an account for my children
activate__card,6.911196911196911,detractors,2024-10-07_1017--156,if i find a card i lost do i need to dispose of it or can i reactive the card and continue to use it
apply__credit_card,6.8125,detractors,2024-10-07_1017--2165,i would like a visa card
transfer__loan,6.805555555555555,detractors,2024-10-07_1017--7429,i need to send a payment from my checking account to amir for a loan he gave me a while back
open__card,6.785714285714286,detractors,2024-10-07_1017--2218,how do i to up by card
exchange__debit_card,6.770833333333333,detractors,2024-10-14__dlg_800,"Thank you, Emily! I definitely feel confident going forward with [Bank Name] for all my financial needs. Have a great day as well!"
open__atm,6.75,detractors,2024-10-14__dlg_985,"Well, I recently moved to a new neighborhood and was delighted to find an ATM very close to my new place. It's just so convenient, especially with how quickly I'm able to get my banking done."
update__card,6.71875,detractors,2024-10-07_1017--35,can i get an update on my replacement card
activate__forex_account,6.666666666666667,detractors,2024-10-14__dlg_1307,"Hello, I’d like some information on how to activate a forex account with your bank. Can you guide me through the process?"
block__others,6.666666666666667,detractors,2024-10-14__dlg_1716,"That's all I needed, thank you so much for your prompt and pleasant service. It's experiences like this that make me love banking with you!"
retrieve__website,6.666666666666667,detractors,2024-10-14__dlg_96,"Hi, I'm trying to visit your bank's website, but I'm not quite sure if I have the correct URL. Could you help me with that?"
withdraw__credit_card,6.666666666666667,detractors,2024-10-14__dlg_1514,"It's a credit card. I've just realized I don't use it anymore, so I thought it might be better to withdraw it."
deposit__account,6.656976744186046,detractors,2024-10-07_1017--766,can i add money automatically to my account while traveling
verify__card,6.628440366972477,detractors,2024-10-07_1017--822,what do i do if the machine rejects my card
inquire__card,6.614541023558083,detractors,2024-10-07_1017--0,i am still waiting on my card
exchange__account,6.590909090909091,detractors,2024-10-14__dlg_1868,"That sounds perfect, exactly what I’m looking for! Please go ahead and start the exchange process. I knew reaching out to [Bank Name] was the right choice. Thank you for your help, Jamie."
select__savings_account,6.585365853658536,detractors,2024-10-07_1017--7370,select my savings account
activate__account,6.578947368421052,detractors,2024-10-07_1017--1161,how do i unlock my account after typing in the wrong pin too many times
select__current_account,6.578947368421052,detractors,2024-10-07_1017--7504,select my checking account
unknown__savings_account,6.571428571428571,detractors,2024-10-07_1017--5949,unknown direct deposit
update__account,6.567796610169491,detractors,2024-10-07_1017--658,i want to have multiple currencies in my account if possible
close__mobile_app,6.538461538461538,detractors,2024-10-07_1017--520,the exchange rate used on your app is really bad im considering closing my account because of it
transfer__debit_card,6.538461538461538,detractors,2024-10-14__dlg_1984,That sounds good; I think this one might be a good fit. Could you tell me more about any fees involved and how to proceed with the transfer?
find__website,6.521739130434782,detractors,2024-10-14__dlg_1423,"That sounds fantastic, Sarah! I'll provide the details right away. A 0% introductory rate is exactly what I was hoping to find. Thank you so much for your help—I made the right choice by reaching out to Maple Bank!"
deposit__card,6.503623188405797,detractors,2024-10-07_1017--770,can i add money to my card automatically during a trip
earn__card,6.5,detractors,2024-10-14__dlg_1029,"That does sound more appealing, but I'm concerned about the annual fee, especially after my experience with my current card."
find__mobile_app,6.5,detractors,2024-10-14__dlg_1551,That's good to know. I'm interested in your customer service and the mobile banking features I've heard so much about. I've always heard positive things about them!
renew__loan,6.5,detractors,2024-10-14__dlg_436,It's 123456789. But I can’t wait for 1-2 days! This is really affecting my plans today.
unlink__card,6.5,detractors,2024-10-14__dlg_289,"Yes, please do. I hope the new card won’t give me such a headache. I'm really at the end of my rope with this one."
verify__credit_card,6.5,detractors,2024-10-07_1017--1596,will you accept my credit card
inquire__credit_card,6.481481481481482,detractors,2024-10-07_1017--41,where is my credit card that was to be mailed
deposit__savings_account,6.479591836734694,detractors,2024-10-07_1017--1804,why is my last cheque deposit taking so long
dispute__current_account,6.470588235294118,detractors,2024-10-14__dlg_1134,"Hi, Jordan! I'm Alice. I recently received my account statement, and I'm very happy with the interest that was credited. Everything seems accurate, but I noticed a small discrepancy in one of the transactions. Could you help me with that?"
renew__credit_card,6.458333333333333,detractors,2024-10-14__dlg_350,"Hi Sarah, good morning! I'm thrilled with the service I've received from ABC Bank so far, and I'm calling to renew my others with you. Could you help me with that?"
inquire__loan,6.447368421052632,detractors,2024-10-07_1017--3663,hi im buying my son bertie a starter home in london  im just trying to send the 5 deposit over to the agent its only 200000 but seems to be throwing an error  what is going on  if i wait any longer the house prices might rise can you look in to it please
select__atm,6.428571428571429,detractors,2024-10-14__dlg_337,"That sounds great! I was worried there might be a complicated process involved. This location is so convenient for me, and with how easy it was to use, I’m really looking forward to making it my go-to ATM."
select__card,6.428571428571429,detractors,2024-10-14__dlg_1410,I'm mostly interested in a card that offers good travel rewards since I travel frequently for both work and leisure. Could you tell me about any travel-focused credit cards you have?
unblock__fixed_deposit,6.428571428571429,detractors,2024-10-14__dlg_1977,"I hope it doesn’t take too long. I need those funds urgently, and this delay is really unacceptable."
inquire__atm,6.42688679245283,detractors,2024-10-07_1017--593,hello i have a pending transaction in my account due to an atm machine that wasnt working in any case if the transaction goes through after how long can i get my money back
inquire__account,6.407922912205567,detractors,2024-10-07_1017--477,i noticed an extra charge on the purchase that i made last saturday on my account can you see if i received the correct exchange rate
unknown__current_account,6.394230769230769,detractors,2024-10-07_1017--7150,yes from my checking account
apply__debit_card,6.379310344827586,detractors,2024-10-07_1017--2160,i do not want a visa card
unlink__current_account,6.363636363636363,detractors,2024-10-14__dlg_1747,Absolutely! The account number for my savings account is 987654321. My checking account number is 123456789. I'm really excited to have everything connected for seamless transfers!
refund__atm,6.346153846153846,detractors,2024-10-14__dlg_1099,"Absolutely! It's the ATM located at the corner of Main Street and 5th Avenue. Everything was so seamless, and I was pleasantly surprised by how quick the transaction was!"
transfer__account,6.342756183745583,detractors,2024-10-07_1017--767,can i have money transferred into my account at different intervals along my trip
transfer__forex_account,6.339285714285714,detractors,2024-10-07_1017--895,can money be exchanged from one currency to another
deposit__debit_card,6.333333333333333,detractors,2024-10-07_1017--1550,use my credit to add money
deposit__website,6.323529411764706,detractors,2024-10-07_1017--5527,is there something wrong with your website i tried topping up my account and its been close to two hours now and its still at pending for some reason i just joined with you guys and this is the first attempt at this so maybe im wrong but shouldnt this be instant
redeem__account,6.323529411764706,detractors,2024-10-14__dlg_1063,"I appreciate your offer to help, but I’ve already made up my mind. I’d like to discuss the steps necessary to redeem my account as soon as possible."
apply__current_account,6.315789473684211,detractors,2024-10-14__dlg_1517,The Flexi Current Account sounds ideal! I’d appreciate it if you could guide me through the application process. I’m excited to get started!
unlink__debit_card,6.309523809523809,detractors,2024-10-14__dlg_920,"No, that's all I needed. Thank you for helping with this."
update__atm,6.309523809523809,detractors,2024-10-07_1017--3530,if i want to change my pin number can i directly from an atm
deposit__forex_account,6.306818181818182,detractors,2024-10-07_1017--1193,im a new customer and tried topping up today for the first time its still pending and doesnt seem to be working i need to get this fixed
block__account,6.302816901408451,detractors,2024-10-07_1017--1242,please can you block the transaction i just sent from my account it was a payment but i accidently typed in the wrong details and think it might have gone to the wrong place
exchange__forex_account,6.270491803278689,detractors,2024-10-07_1017--690,how can i exchange to eur
inquire__debit_card,6.267605633802817,detractors,2024-10-07_1017--1439,why is there a charged fee for debit or credit card payment
activate__loan,6.25,detractors,2024-10-14__dlg_1719,"Yeah, I hope you can help. I'm really frustrated. I've applied for a loan over two weeks ago and there's been nothing but delays and vague updates. I need that loan activated now!"
close__debit_card,6.25,detractors,2024-10-14__dlg_681,"Yes, I have them both right here. It's really nice to have my bank work so efficiently; everything has been seamless so far."
deposit__current_account,6.25,detractors,2024-10-07_1017--1094,i am 16 and just started working at mcdonalds can i deposit my checks at your bank
pay__forex_account,6.25,detractors,2024-10-07_1017--416,the exchange rate is incorrect for my payment
redeem__card,6.25,detractors,2024-10-14__dlg_396,"Hi, Alex. I'm really frustrated right now. I've been trying to use my access card, and it's just not working anywhere! This has been going on for two days, and I'm fed up!"
retrieve__credit_card,6.25,detractors,2024-10-14__dlg_1951,"Hi Sarah! I'm Mark, and I'm absolutely thrilled with the service from your bank. I recently received a notification saying my new credit card is ready for pick-up. Could you guide me on the next steps to retrieve it?"
schedule__card,6.25,detractors,2024-10-07_1017--715,can i specify a day for my card to be delivered
schedule__others,6.25,detractors,2024-10-14__dlg_1173,"Thank you so much! I’m free on Wednesday afternoons, so scheduling then would be ideal. I really appreciate your assistance and am excited to get started with these services."
select__forex_account,6.25,detractors,2024-10-14__dlg_1517,"Thank you, Emily. I’m looking for an account that offers zero minimum balance and provides seamless online banking. I also occasionally need to make international transfers, so low fees on that would be great."
unblock__savings_account,6.25,detractors,2024-10-07_1017--7226,checking please im hoping i dont have to tap my savings
update__savings_account,6.25,detractors,2024-10-07_1017--1922,after my checque or cash deposit my balance didnt update
unblock__debit_card,6.1923076923076925,detractors,2024-10-14__dlg_1558,"That's perfect, thank you so much! No, that's all I needed for now. Your assistance has been fantastic!"
link__current_account,6.153846153846154,detractors,2024-10-14__dlg_674,"Alright, I appreciate that, Alex. I just hope this can be resolved soon. I rely on this to cover some immediate expenses. Please do keep me updated."
renew__atm,6.153846153846154,detractors,2024-10-14__dlg_1237,"Yes, it’s really close to my house which is super convenient, and it’s always clean and well-lit. It feels safe to use even late in the evening. I just hope it stays as effective as it is now!"
pay__current_account,6.145833333333333,detractors,2024-10-14__dlg_978,"I actually set up my online banking earlier today, and the interface is super user-friendly! I'm already impressed with the ease of use and service. Thank you so much for the guidance, Emma. I feel confident moving forward."
report__account,6.141304347826087,detractors,2024-10-07_1017--2325,how do i stop fraud to my account
open__website,6.136363636363637,detractors,2024-10-14__dlg_739,"Every time I try to load the page, it either takes forever or I get an error message saying the site is unavailable. I need to pay some bills, and this is really inconvenient!"
transfer__current_account,6.136363636363637,detractors,2024-10-07_1017--7155,i want to make a fund transfer to their checking account
unlink__forex_account,6.136363636363637,detractors,2024-10-14__dlg_111,"Hi, I'm really frustrated with my forex account. It's been a nightmare dealing with the fluctuations and the associated fees. I just want to unlink it from my main account. Can you help me with that?"
unlink__mobile_app,6.136363636363637,detractors,2024-10-14__dlg_1616,"Hi, Sarah. I'm really frustrated right now. I've been trying to handle my account, but I'm having issues, and I just want to unlink my additional account from the app."
unknown__account,6.125,detractors,2024-10-07_1017--1210,i used the wrong account
pay__savings_account,6.111111111111111,detractors,2024-10-07_1017--6068,my payment has been declined i thought this issue was fixed
block__fixed_deposit,6.071428571428571,detractors,2024-10-14__dlg_828,"Hello, I'd like to inquire about blocking a fixed deposit I have with your bank. Can you help me with this process?"
find__forex_account,6.071428571428571,detractors,2024-10-14__dlg_1415,"I appreciate that, but I’ve heard similar promises before and nothing changed. I need this resolved as soon as possible because I’m missing out on important trading opportunities."
schedule__debit_card,6.0576923076923075,detractors,2024-10-07_1017--776,if i am running low on credit can i auto top up
renew__debit_card,6.056338028169014,detractors,2024-10-14__dlg_615,"Sure, it’s 4321."
pay__website,6.052631578947368,detractors,2024-10-14__dlg_807,"Well, every time I try to make a payment, I get an error message, and no one seems to have a straight answer on how to fix it. It's almost like the bank doesn't want me to pay!"
cancel__account,6.048387096774194,detractors,2024-10-07_1017--1205,hi i sent a payment to the wrong account number  can you cancel it as soon as possible
link__savings_account,6.048387096774194,detractors,2024-10-07_1017--7354,i need raghav to have it in her savings account
redeem__loan,6.029411764705882,detractors,2024-10-14__dlg_698,"Well, I tried redeeming my fixed deposit online, but the system kept giving me error messages. It's as if your website does everything to prevent customers from accessing their money. It's completely unacceptable!"
withdraw__mobile_app,6.029411764705882,detractors,2024-10-07_1017--4424,i didnt withdraw the amount of cash that is showing up in the app
unblock__card,6.0227272727272725,detractors,2024-10-07_1017--166,i found my lost card in my jacket pocket this morning so id like to reactivate it please
verify__account,6.004464285714286,detractors,2024-10-07_1017--1526,i made a transfer for my rent payment about 2 days ago but my landlord hasnt received it yet it shows as done on my  side and ive double check all account numbers and they are correct can you verify that the transaction was actually made
activate__mobile_app,6.0,detractors,2024-10-14__dlg_1680,I haven't registered yet. I was hoping you could guide me through the steps to set up my mobile app account.
earn__website,6.0,detractors,2024-10-14__dlg_222,"Every time I try to log in, it either takes forever to load, or I get an error message saying ""service unavailable."" This is seriously affecting my ability to manage my finances!"
exchange__website,6.0,detractors,2024-10-14__dlg_1872,"Hi, I am really frustrated with the issues I've been having with your website. Every time I try to log in, it's either extremely slow or it just doesn't load at all. I'm getting really close to switching banks because of this consistent problem."
verify__debit_card,5.992063492063492,detractors,2024-10-14__dlg_1959,"Hi Alex, I’d like to verify the status of my debit card. I recently received it in the mail, and I just want to make sure it's activated and ready to use."
access__current_account,5.984848484848484,detractors,2024-10-07_1017--7212,use my checking account
open__current_account,5.957446808510638,detractors,2024-10-07_1017--7154,proceed with my checking account
report__website,5.9,detractors,2024-10-14__dlg_574,Thank you. I appreciate you sorting this out. I'll be keeping an eye on my next statement to ensure it doesn't show up again. That's all for now.
inquire__mobile_app,5.887573964497041,detractors,2024-10-07_1017--374,does this app have the same exchange rate as third parties
unblock__account,5.848214285714286,detractors,2024-10-07_1017--1139,help me unblock my account  i entered the pin wrong too many times
cancel__savings_account,5.833333333333333,detractors,2024-10-14__dlg_1242,"Of course, I'm doing great, thanks! It's my savings account ending in 1234. I've consolidated my finances and don’t need this account anymore. It's been such a smooth experience banking with you guys, though."
find__others,5.833333333333333,detractors,2024-10-14__dlg_87,That’s better. But how long will it take before this issue is fully resolved? I can’t afford to have this hanging over my head.
link__fixed_deposit,5.833333333333333,detractors,2024-10-14__dlg_140,"Well, I was promised a certain rate of interest when I opened my fixed deposit, but the account statements I've been receiving show a lower rate. At this point, I'm just thinking about linking or withdrawing it altogether if that's possible."
refund__account,5.833333333333333,detractors,2024-10-14__dlg_1889,"Hi, I'm calling to check on the status of a refund that was supposed to be credited to my account. I made a return a couple of weeks ago, and I haven't seen the funds yet."
renew__website,5.833333333333333,detractors,2024-10-14__dlg_1010,"Sure, it's 1234 5678 9876 5432. Honestly, I don't get why this is taking so long. I've been a customer for years and never faced such an issue."
reset__credit_card,5.833333333333333,detractors,2024-10-14__dlg_1145,"Hi Alex, good afternoon! I hope you're doing well. I'm calling because I need some help with resetting my credit card. I heard the process is quite straightforward, and I must say, I've been really impressed with how smooth things have been with your bank so far!"
access__savings_account,5.7894736842105265,detractors,2024-10-07_1017--7376,please use my savings
pay__account,5.7894736842105265,detractors,2024-10-07_1017--1206,i accidentally made a payment from the wrong account yesterday its my rent payment and its very large so the account i paid from wont be able to cover the amount its really important that the payment be made from the right account
transfer__card,5.785714285714286,detractors,2024-10-07_1017--1548,how can i transfer money from american express card
block__card,5.777777777777778,detractors,2024-10-07_1017--833,is my card frozen
update__mobile_app,5.775862068965517,detractors,2024-10-07_1017--218,in the app how can i make it show the new card that arrived
cancel__card,5.745614035087719,detractors,2024-10-07_1017--223,i thought i lost my card so i cancelled it but recently i found it in my jacket and i would like to reestablish the card
find__loan,5.735294117647059,detractors,2024-10-14__dlg_1939,: That does sound better. I’d like to explore this option more. Thanks for the explanation!
link__debit_card,5.722222222222222,detractors,2024-10-14__dlg_1747,"That’s perfect! Thank you so much, Emily. It was such a smooth experience. I appreciate your help. That's all I needed today. Have a great day!"
withdraw__account,5.722222222222222,detractors,2024-10-07_1017--616,my account says i have money but i withdrew it in cash
block__savings_account,5.714285714285714,detractors,2024-10-14__dlg_1502,"That sounds perfect, Alex! I have all the necessary information ready, so let's get this fixed deposit blocked. I'm thrilled to see my savings grow with such a reliable bank."
block__forex_account,5.681818181818182,detractors,2024-10-14__dlg_75,"Hi, I'm really frustrated with my forex account. I've been having issues with unauthorized transactions, and I'm at my wit's end. I just want to block my forex account immediately."
link__account,5.673076923076923,detractors,2024-10-07_1017--773,can i set up to my account to automatically top up
block__atm,5.625,detractors,2024-10-07_1017--6852,good morning single lost my atm card like a debit card i need to put a freezer
exchange__savings_account,5.625,detractors,2024-10-14__dlg_741,"Yes, I do have a savings account with you, and I'm very happy with the service. That's why I thought of choosing your bank for the fixed deposit too."
renew__fixed_deposit,5.625,detractors,2024-10-14__dlg_37,"That's great news! I think I'm all set with the current benefits, but I would be interested if there are any new promotions or offers coming up that I might be eligible for."
retrieve__card,5.625,detractors,2024-10-14__dlg_1095,I hope you find something because the card should be fully functional. I’ve been using it for normal transactions without any problems until recently.
schedule__current_account,5.625,detractors,2024-10-14__dlg_526,That sounds good. Can you schedule an appointment for me sometime this week? Preferably in the afternoon.
transfer__atm,5.625,detractors,2024-10-14__dlg_337,"Hi, Alex! I had a fantastic experience at your new ATM in the neighborhood. It was incredibly user-friendly and visually appealing, and I want to suggest transferring my regular ATM transactions there for future use. How can I go about doing that?"
dispute__debit_card,5.608695652173913,detractors,2024-10-07_1017--2468,there is a direct debit payment that i did not make
exchange__atm,5.595238095238095,detractors,2024-10-14__dlg_1061,"Yes, I'll be staying at the Green Tree Inn on Main Street."
transfer__website,5.595238095238095,detractors,2024-10-07_1017--3112,im confused as to why my transfer is still listed as pending on the website
earn__credit_card,5.588235294117647,detractors,2024-10-14__dlg_289,"I am extremely frustrated with this credit card! It keeps getting declined at several local stores, even though I've made sure there's plenty of credit available. This is really embarrassing and inconvenient for me."
unknown__forex_account,5.588235294117647,detractors,2024-10-14__dlg_1662,"I'm really happy you asked! I have a general idea of what I need, but I just want to make sure I'm not missing anything important. And of course, I'd love to know more about any special features or benefits your forex account offers."
open__savings_account,5.585106382978723,detractors,2024-10-07_1017--5490,can my 19 year old daughter open a savings account at the bank
close__card,5.568181818181818,detractors,2024-10-07_1017--4300,i got my card a few days ago but am unable to top up im thinking about closing my account because of this what is going on
earn__mobile_app,5.555555555555555,detractors,2024-10-14__dlg_1097,Amazing! I really appreciate how ABC Bank always provides value-added services. I'll definitely enroll through the app today. Thank you so much for the information!
pay__credit_card,5.555555555555555,detractors,2024-10-07_1017--6839,hi my credit card payment is due i need to pay that bill thank you
select__account,5.555555555555555,detractors,2024-10-14__dlg_43,"Perfect, that sounds exactly like what I need. How do I go about opening an account, and is there anything specific I need to prepare beforehand?"
withdraw__card,5.555555555555555,detractors,2024-10-07_1017--2202,i tried topping up using my card but the money is gone
renew__current_account,5.548780487804878,detractors,2024-10-14__dlg_1396,"Hi Alex, I'm just calling to discuss the status of my current account. It's about to expire, and I'd like to know the process for renewing it."
close__forex_account,5.535714285714286,detractors,2024-10-14__dlg_171,"I appreciate that. I just don’t use it much anymore, and I’d like to simplify my finances by having fewer accounts to manage."
deposit__fixed_deposit,5.535714285714286,detractors,2024-10-14__dlg_1224,"Absolutely! I am thinking of investing $10,000 for a duration of 2 years. I’ve heard good things about Sunnyside Bank’s fixed deposit rates, and I’m eager to make this investment."
pay__card,5.520304568527918,detractors,2024-10-07_1017--864,when i was in a restaurant today my card was declined and payment wouldnt go through and i need help can you fix this
find__debit_card,5.517241379310345,detractors,2024-10-14__dlg_508,"Hi, I’m really frustrated right now. I tried to use my debit card today, and it got declined, even though I have plenty of funds. I need this fixed immediately."
close__account,5.514285714285714,detractors,2024-10-07_1017--3129,how do i deactivate my account
apply__savings_account,5.5,detractors,2024-10-14__dlg_1735,"Hi, I’m really frustrated. I've been trying to apply for a savings account online, but the process just isn’t working. Can you help me out?"
dispute__savings_account,5.5,detractors,2024-10-14__dlg_1134,"Thank you so much, Jordan! You've been incredibly helpful and made this process so smooth. I really appreciate the quick resolution, and this experience keeps my trust strong with ABC Bank."
redeem__fixed_deposit,5.5,detractors,2024-10-14__dlg_1205,"Of course! It's my fixed deposit account that has just matured. The returns have been excellent, and the process so far has been super smooth! I believe it's time for me to redeem the funds now."
schedule__credit_card,5.5,detractors,2024-10-14__dlg_1073,"Hi Alex, I'm really frustrated right now. I thought my new credit card was supposed to be here over a week ago, but I still haven’t received it. This is becoming really inconvenient for me."
redeem__debit_card,5.483870967741935,detractors,2024-10-14__dlg_402,"Yes, I do. Thank you, Emma, for being so helpful. It's reassuring to know that customers are valued until the very end. I'll miss being a part of such a great bank, but who knows – maybe I'll be back in the future!"
update__forex_account,5.476190476190476,detractors,2024-10-07_1017--436,i checked on google and the exchange rate you are using is really bad can you update it
dispute__account,5.4733727810650885,detractors,2024-10-07_1017--557,have have a small charge on my account from someone i purchased with but im not sure what it relates to
block__current_account,5.462962962962963,detractors,2024-10-14__dlg_1718,"Hi Alex! I'm having a fantastic day, and I hope you are too. I'm calling because I want to block my current account due to some recent changes in my financial plans. Could you help me with that, please?"
block__mobile_app,5.454545454545454,detractors,2024-10-07_1017--2865,i lost my phone can i disable to app
link__website,5.454545454545454,detractors,2024-10-14__dlg_1719,"I wished this was mentioned earlier—it would've saved me a lot of stress. Do I need to email it, or can I upload the document through the online portal? I need this sorted ASAP."
open__mobile_app,5.454545454545454,detractors,2024-10-07_1017--6759,hi id like to set up a joint account with my partner im not seeing the option to do it on the app so i called in to get some help can i do it over the phone with you and give you the information
redeem__savings_account,5.454545454545454,detractors,2024-10-14__dlg_1348,": Sure, it's my savings account. I've moved my funds to another account, so I don't really need it anymore."
report__atm,5.4375,detractors,2024-10-07_1017--3235,what do i do if the atm took my card
pay__debit_card,5.428571428571429,detractors,2024-10-07_1017--1722,where do i pay with my debit or credit card
close__loan,5.416666666666667,detractors,2024-10-14__dlg_1198,"Hi Alex, I hope you're doing well. I'm Sarah, and I've recently completed the repayment of my personal loan with your bank. I just wanted to make sure everything is all set, and perhaps close the loan formally."
inquire__fixed_deposit,5.416666666666667,detractors,2024-10-14__dlg_1319,"Good morning, Alex! I hope you're having a great day. I'm really pleased with the services your bank has provided. I would like to discuss an aspect of my fixed deposit."
open__fixed_deposit,5.416666666666667,detractors,2024-10-14__dlg_1224,"Thank you so much, Emma. Your assistance has been fantastic, and I can't wait to start this fixed deposit with Sunnyside Bank. Have a wonderful day!"
reset__card,5.416666666666667,detractors,2024-10-07_1017--788,how do i fix a broken card
report__current_account,5.394736842105263,detractors,2024-10-14__dlg_799,"I appreciate your help in resolving this quickly, Sarah. Please make sure the account is accessible now. I'll check on my side."
find__account,5.384615384615385,detractors,2024-10-14__dlg_1230,"Great, I’ll take a look and reach out if I have any questions. Thank you for your help!"
refund__website,5.384615384615385,detractors,2024-10-14__dlg_333,"Certainly! My account number is 123456789. The charge was for $50 on the 15th of this month, labeled as a maintenance fee. I was under the impression that my account was eligible for fee waivers based on my activity level."
retrieve__current_account,5.375,detractors,2024-10-14__dlg_1459,"Sure, my account number is 123456789. Let me know if you need any additional information from me."
deposit__mobile_app,5.364583333333333,detractors,2024-10-07_1017--1768,the app declined my top up what did i do wrong
activate__fixed_deposit,5.357142857142857,detractors,2024-10-14__dlg_1107,"Sure, my account number is 123456789. I have a fixed deposit of $20,000 that matured yesterday. But when I tried to withdraw it online, the system wouldn't let me. I didn't expect such a hassle; I thought this would be automated."
block__credit_card,5.357142857142857,detractors,2024-10-07_1017--5451,i lost my wallet today with all my credit cards will you please block the card and send a replacement
block__website,5.357142857142857,detractors,2024-10-14__dlg_1709,"It's John Doe, and my account number is 123456789. I just don't understand how a bank can let something like this happen without my approval. This is really unacceptable."
transfer__fixed_deposit,5.357142857142857,detractors,2024-10-14__dlg_372,I’m mostly interested in ensuring that the transfer is seamless. Can you tell me a bit about how long the process takes and if there’s anything specific I need to prepare beforehand?
report__card,5.333333333333333,detractors,2024-10-07_1017--46,is my card lost i am still waiting for it to be delivered
activate__atm,5.3125,detractors,2024-10-07_1017--2706,i could not get the atm to work
activate__current_account,5.3125,detractors,2024-10-14__dlg_1232,"I am extremely frustrated with your bank right now. I've been trying to activate my current account for over a week, and I keep running into issues. This is completely unacceptable!"
link__atm,5.3125,detractors,2024-10-14__dlg_1246,"I’m in downtown Brooklyn, near Fulton Street. I was led to three different addresses already, and there was nothing but empty buildings. It’s a complete waste of time and gas!"
open__forex_account,5.3125,detractors,2024-10-14__dlg_1100,"I want to open a forex account that has competitive rates and reliable support. But every time I try to find details, I’m just directed to the same generic pages without any specifics. It feels like I’m going around in circles, and I’m losing patience."
withdraw__atm,5.296875,detractors,2024-10-07_1017--592,i tried to get cash out of the atm but it is taking too long
renew__account,5.296610169491525,detractors,2024-10-14__dlg_1396,"Sure, my account number is 123456789."
redeem__website,5.277777777777778,detractors,2024-10-14__dlg_1030,"Hi, I’ve been trying to access the redemption page on your bank's website, but I’m not sure if I’m on the right track. Could you help me with this?"
apply__forex_account,5.2631578947368425,detractors,2024-10-07_1017--343,what is the foreign exchange rate you will apply
earn__forex_account,5.2631578947368425,detractors,2024-10-14__dlg_837,"I understand how rates can fluctuate, but I've looked at similar offerings from other banks, and they seem to provide a higher return. It feels like your rates are less competitive."
cancel__debit_card,5.25,detractors,2024-10-07_1017--2572,i need to cancel a transaction on my debit card
schedule__atm,5.2272727272727275,detractors,2024-10-14__dlg_1889,"Yes, I've been keeping an eye on them, and there's no sign of it yet. So, it should appear by the end of this week?"
verify__atm,5.2272727272727275,detractors,2024-10-07_1017--2722,hi i am unable to use my card in atm i had tried my card in two atms but both atms declined it could you please check my account
retrieve__forex_account,5.208333333333333,detractors,2024-10-14__dlg_1806,"Oh, I'm relieved to hear that. I haven't provided any details yet, but I'll definitely stay away from it now. Do you have any tips on how to identify phishing sites in the future?"
verify__mobile_app,5.208333333333333,detractors,2024-10-07_1017--2089,i cant verify identity through the app
dispute__card,5.2075471698113205,detractors,2024-10-07_1017--409,the exchange rate from my card payment isnt right
pay__atm,5.1923076923076925,detractors,2024-10-07_1017--2878,i dont have my mobile device and am unable to make the payment because i forgot my details
dispute__mobile_app,5.18348623853211,detractors,2024-10-07_1017--561,hey i got charged extra for some reason when i purchased an app is this a hidden fee or something i dont think its very cool
verify__current_account,5.178571428571429,detractors,2024-10-07_1017--7371,i wish to verify my account balance in checking account
renew__card,5.174418604651163,detractors,2024-10-07_1017--4868,how can my new card be renewed
unblock__loan,5.166666666666667,detractors,2024-10-14__dlg_495,"It was blocked just yesterday when I was trying to deposit some money. I didn’t receive any notification, it just stopped working! This isn’t the first time it’s happened either."
retrieve__account,5.15625,detractors,2024-10-14__dlg_1536,"Hi, I'm really frustrated right now. I've been trying to access my account online, but it's just not working. Can you please help me retrieve my account? This has been going on for too long!"
update__website,5.151515151515151,detractors,2024-10-14__dlg_933,": Every time I try to update my expiration date and CVV on the online portal, it just gives me an error message saying “unable to process request.” It’s ridiculous!"
open__debit_card,5.147058823529412,detractors,2024-10-07_1017--6769,i was wanting to set up a joint account with my spouse and i was wondering do we each get separate card debit card and separate way of knowing who is accessing the thank you
unknown__loan,5.147058823529412,detractors,2024-10-14__dlg_1059,"Hi Alex! I hope you're having a great day. I was just looking through some financial opportunities and came across the mention of an ""unknown loan."" I was intrigued and thought I'd learn more about what that's all about. Could you help me with that?"
update__debit_card,5.138888888888889,detractors,2024-10-14__dlg_1145,"That sounds perfect, Alex. I really appreciate how efficient and secure your procedures are. I’ll keep an eye on my email and make sure to update the PIN right away. Thanks for the help!"
unknown__card,5.131578947368421,detractors,2024-10-07_1017--228,where do i scan my card
withdraw__forex_account,5.115384615384615,detractors,2024-10-07_1017--4072,the wrong exchange rate was applied to me while pulling out cash
access__account,5.113636363636363,detractors,2024-10-07_1017--2859,i have an emergency and lost my phone  i need help accessing my account
unblock__current_account,5.113636363636363,detractors,2024-10-07_1017--3228,can you please disable my current account
dispute__forex_account,5.102564102564102,detractors,2024-10-07_1017--393,i think the currency exchange thats been applied is wrong
block__debit_card,5.09433962264151,detractors,2024-10-07_1017--6872,freeze my debit card i want to stop at all transactions coming in please lock my car
reset__account,5.060975609756097,detractors,2024-10-07_1017--2631,i cant log into my account because i lost my password
dispute__atm,5.030120481927711,detractors,2024-10-07_1017--598,hello i looked at my account and see that a transaction i tried to do is pending but i did not complete that transaction when i was at the atm the machine declined my card can you make sure that transaction does not go through because i definitely did not receive the money
activate__credit_card,5.0,detractors,2024-10-14__dlg_1324,"Yeah, I hope you can. I received my new credit card over a week ago, and I've tried everything to activate it but it's just not working. This is incredibly frustrating!"
apply__account,5.0,detractors,2024-10-07_1017--3834,can you send me more cards for my account
apply__atm,5.0,detractors,2024-10-07_1017--3284,how to get new card after atm eats it
cancel__credit_card,5.0,detractors,2024-10-07_1017--6225,my credit card cancelled a payment for a purchase
deposit__loan,5.0,detractors,2024-10-14__dlg_279,"Yes, I want to deposit $10,000 for a tenure of 2 years. Please make sure this goes through because I'm really tired of dealing with these issues."
earn__current_account,5.0,detractors,2024-10-14__dlg_1939,": Hello, I’m really frustrated with my current account and I’ve been considering the Earn Current Account I heard you offer. Can you explain what it is and how it might be better than my current setup?"
exchange__current_account,5.0,detractors,2024-10-14__dlg_1423,"Certainly, Sarah! I have my details ready. I really appreciate how easy you make this process. It’s one of the reasons I’m so keen on switching."
find__current_account,5.0,detractors,2024-10-14__dlg_853,": That sounds straightforward. I'll review my documents and reach out if I need help. Thanks for the information, Alex."
inquire__others,5.0,detractors,2024-10-14__dlg_188,"Thank you for explaining this to me. Yes, please email me the details. Receiving this information directly would be appreciated, especially after this hassle."
receive__fixed_deposit,5.0,detractors,2024-10-14__dlg_175,"That’s really disappointing. I rely on these funds, and it’s unfair for it to be held up like this. I hope it gets resolved soon. Can you please follow up as quickly as possible?"
redeem__atm,5.0,detractors,2024-10-14__dlg_509,"It's the one on Maple Street, Block 5. Every time I try to withdraw money, it either doesn't dispense cash or says it's temporarily out of service. I've tried a few times over the past week."
redeem__others,5.0,detractors,2024-10-14__dlg_1044,"Okay, I'll go ahead and download it then. Is there anything specific I need to do after the installation to ensure everything works smoothly?"
refund__mobile_app,5.0,detractors,2024-10-14__dlg_1603,": Sure, my account number is 123456789. The transactions happened on the 15th of this month, and I certainly didn't authorize shopping at a store I've never even heard of."
report__forex_account,5.0,detractors,2024-10-14__dlg_1795,"The problem is that there’s been an unauthorized transaction on my account. I’ve never even heard of the vendor, and now I’m worried about other potential fraud activities. I need this resolved immediately!"
report__others,5.0,detractors,2024-10-14__dlg_1094,"That sounds perfect, Sarah. I'm so glad to have your support on this. Let me know if you need anything else from my end. I’ve had nothing but good experiences with your bank, and this just reinforces that."
reset__others,5.0,detractors,2024-10-14__dlg_1678,"I'll try the new password now. Thanks for your help. Hopefully, this resolves the issue."
reset__savings_account,5.0,detractors,2024-10-14__dlg_621,"Sure, it’s a savings account, and the last four digits are 6789."
select__debit_card,5.0,detractors,2024-10-14__dlg_341,"Thanks, Sarah. That location works for me. Is there a way to get the location on my phone?"
unknown__credit_card,5.0,detractors,2024-10-07_1017--2174,im happy with mastercard and want to stick with just that credit card
unknown__mobile_app,5.0,detractors,2024-10-07_1017--1163,should i uninstall the app before i try it again
unlink__account,5.0,detractors,2024-10-14__dlg_871,"Thank you, Alex. I’ll do that. I appreciate your help."
unlink__fixed_deposit,5.0,detractors,2024-10-14__dlg_108,"Hi, I’m quite annoyed right now. I just realized that my fixed deposit has been renewed without me requesting it. I want it unlinked immediately. Can you help me with this?"
unlink__savings_account,5.0,detractors,2024-10-14__dlg_7,"Hi Sarah, I'm really frustrated right now. I need to get my savings account unlinked from my checking account immediately. I never wanted them connected in the first place, and I just found out they've been linked all this time."
update__others,5.0,detractors,2024-10-14__dlg_1275,"Alright. But please, I'd like to get this done quickly. I don't want to keep calling back for updates."
verify__fixed_deposit,5.0,detractors,2024-10-14__dlg_1319,"Sure thing! My fixed deposit account number is 12345678, and I confirm that my identity details match what’s on record. I appreciate your assistance in handling this smoothly."
reset__mobile_app,4.926470588235294,detractors,2024-10-07_1017--844,can i use app to reset pin attempts
inquire__website,4.910714285714286,detractors,2024-10-07_1017--2913,hello id like to inform you of an issue im currently experiencing the goods i have ordered from your website have still not arrived yet it has been over 3 weeks i would like to be issued a refund swiftly and be redirected to more competent people thank you for your assistance
close__savings_account,4.9,detractors,2024-10-14__dlg_402,"It's my savings account that I'm thinking of closing, as I'm streamlining my finances and consolidating accounts. I've always appreciated the excellent service and benefits of this account, which makes it a bit of a bittersweet decision!"
apply__loan,4.8936170212765955,detractors,2024-10-07_1017--1705,is there a way to order a virtual card on the website
earn__atm,4.868421052631579,detractors,2024-10-14__dlg_1280,"Yes, please! I'm eager to get started and begin my journey with points and rewards. Thank you so much for your helpful insights!"
update__current_account,4.838709677419355,detractors,2024-10-07_1017--4381,why isnt my balance updating  i did a bank transfer and it isnt current
exchange__card,4.821428571428571,detractors,2024-10-14__dlg_289,"It's Mark Jacobs, and my card number is 1234 5678 9012 3456. I just don't want this hassle anymore, and I'm thinking it might be better to just exchange this card for a different one. What can you do about this?"
open__loan,4.821428571428571,detractors,2024-10-07_1017--7118,new loan
apply__mobile_app,4.8076923076923075,detractors,2024-10-07_1017--4030,can i order cards on the app
reset__current_account,4.8076923076923075,detractors,2024-10-14__dlg_1536,"It's Jane Bennett. The email is jane.bennett@email.com. I’ve tried resetting my password multiple times, but the system keeps giving me errors."
transfer__mobile_app,4.8,detractors,2024-10-07_1017--1254,im really upset because i made a typo during a transfer and now ive sent money to the wrong account  i cant fix this with the app  please help me immediately
verify__forex_account,4.782608695652174,detractors,2024-10-07_1017--6450,can you look to make sure the exchange rate is correct
unblock__atm,4.7727272727272725,detractors,2024-10-07_1017--2741,please help me with my card as i have tried to use my card in two different atms but repeatedly it was declining by atm
verify__website,4.761904761904762,detractors,2024-10-14__dlg_1681,"Thank you for checking, Alex. I guess I'll head over to the other location you mentioned. Please make sure this gets fixed quickly—it's really annoying for customers like me!"
cancel__atm,4.75,detractors,2024-10-07_1017--597,when i used one of the atms in the city centre today i tried to take out some money but for whatever reason the machine declined my card just checked it out in my account and that amount is still showing as pending is there any way that you can cancel this transaction because i did not receive any money whatsoever from the atm
unlink__atm,4.75,detractors,2024-10-14__dlg_981,"Yes, my address is 101 Main Street, and the last transaction was for $200 at Grocery Mart."
access__mobile_app,4.73404255319149,detractors,2024-10-07_1017--2871,my phone is at the hotel  how can i use the app
earn__savings_account,4.732142857142857,detractors,2024-10-14__dlg_1089,"An overview would be great. Specifically, I'm curious about the interest rates and any fees or minimum balances associated with the account."
access__card,4.722222222222222,detractors,2024-10-07_1017--785,i cant seem to be able to use my card
activate__savings_account,4.722222222222222,detractors,2024-10-14__dlg_1227,"Hi, I’m really frustrated right now. I’ve been trying to activate my savings account for days, and nothing seems to be working. Can someone please help me sort this out?"
close__website,4.722222222222222,detractors,2024-10-14__dlg_1610,"Sure! I really love the seamless online banking system and the instant alerts for transactions. It makes managing my finances so easy. And the customer support, like yours, is always friendly and helpful!"
select__loan,4.722222222222222,detractors,2024-10-14__dlg_526,"Sure, I'm considering an auto loan. I'm planning to purchase a new car and I'd like to know what options are available for that."
update__fixed_deposit,4.722222222222222,detractors,2024-10-14__dlg_1393,"Hello! I hope you're having a great day. I'm calling to get some updates on my fixed deposit. Could you help me with that, please?"
apply__fixed_deposit,4.6875,detractors,2024-10-14__dlg_1224,"Hello, Emma! I hope you're having a great day. I'm calling because I'm interested in opening a fixed deposit account with your bank, and I couldn’t be more excited!"
link__loan,4.6875,detractors,2024-10-14__dlg_1152,"I hope so, because I need this loan linked to my account as soon as possible. I rely on your bank for its services almost daily, so it's disappointing to face such delays."
schedule__forex_account,4.6875,detractors,2024-10-14__dlg_1562,"Hi Alex, good afternoon! My name is Sarah. I'm interested in opening a forex account with your bank, and I've heard great reviews about your services. Could you guide me through the process to schedule an appointment for setting up the account?"
access__website,4.67741935483871,detractors,2024-10-14__dlg_241,"It doesn’t show any error messages. It just sits there on the loading screen, and nothing happens. I've already tried restarting my phone, but that didn’t help."
report__debit_card,4.675925925925926,detractors,2024-10-07_1017--2578,people are using my debit card  help
access__atm,4.666666666666667,detractors,2024-10-07_1017--2426,can i use my card at an atm
activate__website,4.659090909090909,detractors,2024-10-14__dlg_610,"Honestly, I can't think of anything right now. From the online application to the prompt responses I received, everything was top-notch. I especially appreciated how user-friendly the online portal was. It made everything a breeze!"
find__credit_card,4.642857142857143,detractors,2024-10-14__dlg_986,"I am extremely frustrated with your bank right now. I tried to use my credit card for an emergency purchase, and it got declined! This is beyond unacceptable. What kind of service are you running here?"
unknown__debit_card,4.625,detractors,2024-10-07_1017--2510,i did not set up a direct debit i have
withdraw__current_account,4.625,detractors,2024-10-07_1017--7594,withdraw from my checking account
activate__debit_card,4.619565217391305,detractors,2024-10-14__dlg_171,"Yes, I understand. I’ve considered those points and still wish to proceed."
report__credit_card,4.615384615384615,detractors,2024-10-07_1017--2366,what do i do if i believe to be a victim of credit card fraud
withdraw__loan,4.615384615384615,detractors,2024-10-14__dlg_800,"Hi Emily! This is John. I'm calling because I recently received approval for a personal loan with your bank, and I'm thrilled about the terms offered. I'm eager to move forward and was wondering how I can proceed with withdrawing the loan amount."
redeem__mobile_app,4.583333333333333,detractors,2024-10-14__dlg_645,"I cleared the cache, but it still doesn’t work. It would be a huge relief if you could help me redeem the points over the phone. I don’t want to miss the flight booking deadline."
unknown__atm,4.5588235294117645,detractors,2024-10-07_1017--2759,my card wont work at an atm
find__card,4.53125,detractors,2024-10-14__dlg_1388,"Hi Jamie! I hope you're having a great day! I'm actually really excited because I recently got a card from your bank, but I seem to have misplaced it. I’m hoping to get some assistance in finding or replacing it."
reset__forex_account,4.53125,detractors,2024-10-14__dlg_1825,"Hi Alex! I hope you're having a great day. I recently opened a forex account with your bank, and so far, everything has been going smoothly. It's been quite user-friendly, but I believe it's time for a reset on my account. Could you help me with that?"
dispute__website,4.5,detractors,2024-10-14__dlg_1918,"Sure, it’s 12345678. But I’m still really unhappy about this. I’ve been with your bank for years, and it feels like there’s always some unexpected charge. Why should I even stick around?"
link__others,4.5,detractors,2024-10-14__dlg_878,"It says something about a “server connection timeout.” I’ve tried refreshing the page and even logged out and back in, but nothing works. This is really inconvenient."
receive__debit_card,4.5,detractors,2024-10-14__dlg_621,I’d prefer if you could handle it. Is there anything else you need from me?
renew__others,4.5,detractors,2024-10-14__dlg_1466,": Sure, it's 123456789."
withdraw__savings_account,4.5,detractors,2024-10-07_1017--7448,from savings
schedule__loan,4.473684210526316,detractors,2024-10-14__dlg_526,"Hi, I'm looking to schedule a loan with your bank and wanted some guidance on how to proceed. Can you help me with that?"
close__current_account,4.451219512195122,detractors,2024-10-14__dlg_544,"Hi Alex! I'm Sarah, and I must say, I've really enjoyed banking with Friendly Bank over the years. Your services have always been outstanding. I'm calling today because I need to close my current account."
block__loan,4.444444444444445,detractors,2024-10-14__dlg_1018,"No, that's not necessary. I’m adamant about blocking it. I’ve already spent too much time and energy on this. Please proceed with my request as soon as possible."
close__fixed_deposit,4.444444444444445,detractors,2024-10-14__dlg_259,"Honestly, it's been one thing after another. Unauthorized charges, constant delays in transactions, and I never seem to get the proper support. I just don't feel secure keeping my money here anymore."
deposit__atm,4.444444444444445,detractors,2024-10-07_1017--614,i made a deposit in the atm and it has not cleared
deposit__credit_card,4.444444444444445,detractors,2024-10-07_1017--1556,can i top up from a usa credit card
refund__debit_card,4.444444444444445,detractors,2024-10-14__dlg_298,"Certainly! The transaction was on October 5th for $85.50, and it doesn’t match any of my usual expenses."
cancel__mobile_app,4.423076923076923,detractors,2024-10-07_1017--1204,i needed to make a payment on my account but i typed in the incorrect number  the app wont allow me to cancel this transaction  i need it cancelled asap
report__mobile_app,4.423076923076923,detractors,2024-10-07_1017--2904,everything was stolen from me  i cant use the app  please advise
earn__loan,4.411764705882353,detractors,2024-10-14__dlg_1480,"Honestly, I'm really frustrated. I've been trying to get a loan with your bank for weeks now, and the whole process has been a nightmare. It's like no one wants to help me earn this loan."
access__credit_card,4.375,detractors,2024-10-07_1017--4296,i tried using my credit card with top up but it didnt work i thought it was supposed to
activate__others,4.375,detractors,2024-10-14__dlg_1734,"Okay, that's clear. I’ll make sure to gather everything needed and start the process soon. Thanks for the information!"
cancel__current_account,4.375,detractors,2024-10-14__dlg_1169,"Honestly, I'm just fed up at this point. Unless there's some significant change fast, I don't see how staying will benefit me. Can you just guide me through the account closure process?"
dispute__fixed_deposit,4.375,detractors,2024-10-14__dlg_1195,"Good morning, Alex! I'm really pleased with the services of your bank so far. I'm calling to discuss a fixed deposit I have with you. It seems there might be a small mistake with the maturity amount that's been credited. Could you help me sort this out?"
refund__loan,4.375,detractors,2024-10-14__dlg_1980,"Sure, the loan account number is 123456789. I noticed that the payment amounts have increased recently, which seems inconsistent with what I originally agreed upon."
renew__forex_account,4.375,detractors,2024-10-14__dlg_1275,"I've been trying to get some information about renewing my forex account for weeks now, and I'm really frustrated with how inefficiently this whole process has been handled. Can you finally help me, or is this going to be another waste of time?"
report__fixed_deposit,4.375,detractors,2024-10-14__dlg_1107,"Yes, please do that. I rely on timely access to my money, and this has been really stressful. I hope this gets sorted out fast. Also, please ensure this doesn’t happen in the future."
unlink__loan,4.375,detractors,2024-10-14__dlg_108,"I want to withdraw the funds immediately. I didn’t plan for it to be locked again, especially without any notification. It’s really inconvenient."
refund__card,4.318181818181818,detractors,2024-10-07_1017--3414,i think my card payment has been refunded
find__fixed_deposit,4.285714285714286,detractors,2024-10-14__dlg_1917,"Hi Sarah! I'm interested in opening a fixed deposit account, and I wanted to learn more about the options you have available. I've heard good things about your rates and I think it would be a great way to save."
access__forex_account,4.230769230769231,detractors,2024-10-14__dlg_799,"Sure, my account number is 123456789. I’ve tried logging in multiple times today, but it keeps saying my account is inaccessible."
earn__fixed_deposit,4.230769230769231,detractors,2024-10-14__dlg_69,That sounds like a good option. What happens after the introductory period ends? Do the interest rates increase significantly?
redeem__current_account,4.230769230769231,detractors,2024-10-14__dlg_1171,"Sure, whatever it takes to get this sorted out. I just can't deal with this hassle anymore."
exchange__loan,4.21875,detractors,2024-10-14__dlg_216,I think it’s best to order a replacement to be on the safe side. Could you please guide me through that process?
pay__mobile_app,4.186046511627907,detractors,2024-10-07_1017--2837,my payment is in the app but hasnt gone through yet
cancel__forex_account,4.166666666666667,detractors,2024-10-14__dlg_12,"No major issues, just reorganizing my accounts and thought it was best to cancel the ones I’m not using much."
link__forex_account,4.166666666666667,detractors,2024-10-14__dlg_807,"Sure, my account number is 123456789. I just want this resolved as quickly as possible because it's affecting my trading activities."
retrieve__savings_account,4.166666666666667,detractors,2024-10-14__dlg_166,"Yes, please do. This is really inconvenient for me, and I rely on this account for daily transactions. I just hope this gets fixed quickly."
find__atm,4.134615384615385,detractors,2024-10-14__dlg_1061,"Hi, I'm planning a trip out of town this weekend, and I need to withdraw some cash. Could you help me locate the nearest ATM from my hotel?"
link__mobile_app,4.090909090909091,detractors,2024-10-07_1017--268,where in the app do i link a new card
access__debit_card,4.074074074074074,detractors,2024-10-14__dlg_396,"Alright, I'll give it a try. I really hope it doesn’t give me any more trouble."
cancel__loan,4.0625,detractors,2024-10-14__dlg_544,"Of course! I'm actually relocating overseas for a new job opportunity, and I've decided to consolidate my banking services in the new country. Otherwise, I would have definitely continued with Friendly Bank. You've made everything so easy and convenient!"
schedule__mobile_app,4.0625,detractors,2024-10-14__dlg_504,I’ve had enough with your mobile app! It’s absolutely useless and I can't seem to do anything right! It crashes every time I try to schedule payments. This is extremely frustrating.
unblock__forex_account,4.0625,detractors,2024-10-14__dlg_1037,"Sure thing. The last four digits of my phone are 6789, and my forex account number is 1234567890."
retrieve__debit_card,4.0476190476190474,detractors,2024-10-14__dlg_1889,"Alright, I'll check back if it doesn't come through by then. Thanks for your help."
access__fixed_deposit,4.038461538461538,detractors,2024-10-14__dlg_739,"I’ve already tried using a different browser and clearing my cache, but it didn’t help. I need to access my account soon. What are my other options?"
dispute__credit_card,4.027777777777778,detractors,2024-10-07_1017--2330,i sees some suspicious spending on my credit card that i dont recall i had made what should i do
apply__website,4.021739130434782,detractors,2024-10-14__dlg_1230,I think applying online would be convenient for me. Could you point me to the right place on your website?
access__loan,4.0,detractors,2024-10-14__dlg_1433,"Sure. The website is slow, and sometimes it just crashes. It’s difficult to navigate, and my card details often fail to save, which makes transactions frustrating. I’m thinking it might be better to just manage my accounts through other means."
retrieve__loan,4.0,detractors,2024-10-14__dlg_1459,"Hello, Alex. I would like some information regarding my fixed deposit. I'm not sure about the maturity date and the interest rate applicable to it. Could you help me access these details?"
redeem__forex_account,3.9285714285714284,detractors,2024-10-14__dlg_1063,"For starters, I’ve had several issues with transaction delays and hidden fees. It’s been really inconvenient, and I’m at my wit's end. That's why I want to redeem my account and potentially switch to another bank."
dispute__loan,3.888888888888889,detractors,2024-10-07_1017--5941,im so mad right now theres several charges that i think my x boyfriend made on my card the companys on the website wouldnt refund me my money they told me to contact my bank do something please
withdraw__fixed_deposit,3.888888888888889,detractors,2024-10-14__dlg_254,"I’d actually love to try the online option! ABC Bank’s digital services have been fantastic in the past, so I’m confident the process will be straightforward. I’d really appreciate your guidance through it, though."
reset__debit_card,3.875,detractors,2024-10-14__dlg_223,"It was just about an hour ago. I tried calling your helpline, but I ended up on hold for a long time. It's not the first time this has happened. Can your team do something to fix it for good?"
exchange__fixed_deposit,3.8461538461538463,detractors,2024-10-14__dlg_1831,"I guess I’ll have to do it over the phone, but I expected better from your bank. It’s disappointing when something as simple as opening a fixed deposit becomes so problematic.   ---"
reset__fixed_deposit,3.8333333333333335,detractors,2024-10-14__dlg_241,"I’ll try that now. It's just really inconvenient since I was trying to check an important transaction. Let me see if clearing the cache helps. If it doesn’t work, what should I do next?"
exchange__others,3.75,detractors,2024-10-14__dlg_575,Thank you. I hope this matter is resolved as quickly as possible. Have a good day.  ---
pay__fixed_deposit,3.75,detractors,2024-10-14__dlg_1713,"Sure, it’s 123456789. This issue is really getting on my nerves, especially since I've always made sure there’s enough balance when payments are due."
pay__loan,3.75,detractors,2024-10-14__dlg_1729,"Yes, please. I need this sorted out as soon as possible. It’s really annoying not being able to access my money when I need it."
receive__account,3.75,detractors,2024-10-14__dlg_1045,"Yes, I was wondering if the account welcome package has been sent out and if there's anything I need to do on my end to receive it."
receive__card,3.75,detractors,2024-10-14__dlg_1485,I can head over there in about half an hour. I hope they really help me out because I can’t afford to be without my card for too long.
retrieve__mobile_app,3.75,detractors,2024-10-14__dlg_1234,"Hi there! I hope you're having a great day. I just wanted to say how much I love using the bank's mobile app. It's made managing my finances so much easier. However, I seem to have accidentally deleted the app from my phone. Could you guide me on how to retrieve it?"
update__credit_card,3.75,detractors,2024-10-14__dlg_725,"Hi Sarah, I recently moved and I'm wondering how I can update the address linked to my credit card."
verify__savings_account,3.75,detractors,2024-10-14__dlg_1807,"Well, I recently noticed that the interest calculations on my savings account seem higher than expected, and it’s been consistent for a few months now. I wanted to make sure this isn't an error because my experience has been so positive with your services."
cancel__website,3.6538461538461537,detractors,2024-10-14__dlg_574,"Hi, I'm really frustrated right now! I've been trying to reach someone to cancel a service for days and I'm getting nowhere. I just want to cancel that over-priced ""Others"" fee I'm being charged each month. It's ridiculous!"
retrieve__atm,3.611111111111111,detractors,2024-10-14__dlg_1095,"Sure. My name is Alex Johnson, and my account number is 0123456789. But it's been a nightmare, especially this morning when I needed cash urgently, and the ATM couldn’t read my card!"
unknown__website,3.59375,detractors,2024-10-14__dlg_170,"That sounds perfect! I'm a bit tech-savvy, so I appreciate having all these options at my fingertips. Are there any specific features I should know about that might make my banking experience even better?"
verify__loan,3.59375,detractors,2024-10-14__dlg_134,"Hi, Alex! Good morning. I'm calling to confirm the details of a personal loan that I recently applied for. I received an approval notification, and I just want to make sure everything is set before I proceed."
refund__credit_card,3.5714285714285716,detractors,2024-10-14__dlg_1826,"""I am really frustrated right now. I've been trying to get my refund processed for a transaction on my credit card, and it's been weeks with no update. Can someone please explain what's going on?"""
schedule__website,3.5714285714285716,detractors,2024-10-14__dlg_1232,"The last time I attempted was yesterday afternoon, and the page just kept saying ""Service unavailable."" I can't keep wasting my time like this."
exchange__mobile_app,3.5416666666666665,detractors,2024-10-07_1017--3575,i have been trying to exchange this for crypto but the app wont work could you please help me
link__credit_card,3.5,detractors,2024-10-07_1017--182,if i have a credit card with you how i get set up to link to it
report__loan,3.5,detractors,2024-10-14__dlg_1051,"I shouldn't have to deal with this stress! The loan account number mentioned on the letter is 123456789, and it says I owe a large amount of money. I cannot believe this is happening!"
unblock__website,3.5,detractors,2024-10-14__dlg_1906,"This is ridiculous. The last transaction should have been a payment for my phone bill, around $50. And there were no transfers pending. Can you unblock it now?"
retrieve__fixed_deposit,3.4375,detractors,2024-10-14__dlg_1107,"Hi Alex, I'm really frustrated right now. I opened a fixed deposit with you guys a year ago, and now that I need the money, I'm finding it very difficult to retrieve it. This should be a straightforward process!"
pay__others,3.3333333333333335,detractors,2024-10-14__dlg_403,"I'm really enjoying the online banking platform you have, so I’d prefer to use that. I’ve heard it's quite straightforward. Could you guide me on how to proceed there?"
reset__website,3.25,detractors,2024-10-14__dlg_727,"Yes, I've already tried that too. I went through the password reset process, but then when I tried to log in with the new password, I got the same error. It’s been a complete waste of time."
unknown__fixed_deposit,3.25,detractors,2024-10-14__dlg_1704,"Hi, I'm really frustrated right now. I just noticed a fixed deposit account in my online banking that I don't remember setting up. Can you explain why it’s there?"
reset__loan,3.125,detractors,2024-10-07_1017--3546,i want to replace my current pin
find__savings_account,2.9166666666666665,detractors,2024-10-14__dlg_1557,That sounds exactly like what I’m looking for! I particularly want to know about the interest rates and any special promotions for new account holders?
withdraw__website,2.8125,detractors,2024-10-14__dlg_574,"It's listed under my monthly statement as ""Others,"" and it's $15 every single month! It's just an unnecessary charge, and I didn’t agree to this. I want it gone now, or I'm seriously thinking about leaving your bank altogether."
dispute__others,2.5,detractors,2024-10-14__dlg_634,Thanks for resolving the issue promptly. I hope everything goes smoothly from here on out.
receive__atm,2.5,detractors,2024-10-14__dlg_138,"It was at the branch on Main Street. I was already having a bad day, and now this!"
refund__current_account,2.5,detractors,2024-10-14__dlg_1826,"""I just want this resolved. Email is fine, but I really hope you follow through this time. It shouldn't take this long to get a simple refund."""
unknown__others,2.5,detractors,2024-10-14__dlg_167,"I appreciate the prompt response, but please ensure this doesn’t happen again. A timely notification would make a huge difference."
verify__others,2.5,detractors,2024-10-14__dlg_1605,"Well, I appreciate your assistance, but this experience has been really off-putting. Please ensure this set up goes smoothly from here on out. I'll be expecting that confirmation."
refund__fixed_deposit,2.1875,detractors,2024-10-14__dlg_1708,This has really made me reconsider using your services. I need assurance that this won’t happen again. I rely on access to my funds!
schedule__fixed_deposit,1.9444444444444444,detractors,2024-10-14__dlg_279,I’m really frustrated with your bank right now. I've been trying to schedule a fixed deposit for a week and it's just not working. The online system keeps glitching!
withdraw__others,1.25,detractors,2024-10-14__dlg_490,"I’m not sure there’s anything to fix it at this point; it feels like this has been ongoing, and I just don't want to deal with it anymore."
earn__others,0.0,detractors,2024-10-14__dlg_1467,"That sounds fantastic! I'm primarily interested in earning cashback because it's straightforward and useful for my everyday purchases. What are the typical cashback rates, and are there specific categories where I can earn more?"
select__others,0.0,detractors,2024-10-14__dlg_199,I think doing it over the phone sounds convenient right now. I really appreciate how straightforward and helpful you guys have been. It's made the decision a lot easier for me.
unblock__others,0.0,detractors,2024-10-14__dlg_755,"Sure thing, Sarah! The reference number is 123456789. I'm excited to move forward with this, so I hope it's just a minor hiccup."
