﻿Topic,Count,Name,Representation,Representative_Docs,probable_topic,explanation,sentiment,sentiment_score
0,346,0_card_credit_credit card_digits,"['card', 'credit', 'credit card', 'digits', 'im', 'rewards', 'cashback', 'new card', 'travel', 'like']","['Hi Sarah! I’m doing well, thank you, and I hope you are too. I’d be happy to help you with updating your credit card limit. To get started, could you please verify your account with your card number or the last four digits?', ""Good morning! It's wonderful to hear that you've had such a positive experience with us. I'm more than happy to help with your credit card renewal. Could you please provide me with your card number and a bit more detail about your current card so I can pull up your information?"", 'Hello, thank you for reaching out to us today. I can certainly assist you with unblocking your credit card. Could you please provide me with your full name and the last four digits of your credit card?']",Credit Card Services and Assistance,"The representative words and documents indicate a focus on customer service related to credit card management. This includes topics such as updating credit card limits, renewing credit cards, and unblocking credit cards. The common words like 'credit card', 'digits', 'rewards', and 'cashback' relate to core functions and features of credit cards, while the documents emphasize communicating account details and assistance requests.",positive,4
1,155,1_thanks_thats_help_sure,"['thanks', 'thats', 'help', 'sure', 'thank help', 'ill', 'thank', 'make', 'make sure', 'really']","['No, that would be all. Thank you for your help!', 'No, that’s all for now. Thanks for your help!', ""No, that's all for now. Thanks for your help.""]",Expressing Gratitude and Completion,"This topic revolves around expressing gratitude and indicating that assistance is no longer needed, commonly encountered in conversations where one acknowledges the help received and concludes the interaction.",neutral,3
2,142,2_savings_savings account_account_im,"['savings', 'savings account', 'account', 'im', 'accounts', 'savings accounts', 'like', 'new savings', 'hi', 'youre']","['Of course! I’d be happy to assist you. We offer a variety of savings account options to suit different needs. May I ask what specific features you are looking for in a savings account?', ""Of course! I'm glad to hear you're interested in our savings accounts. We offer a variety of options tailored to different savings goals. For example, we have a basic savings account that's perfect for everyday savings, and a high-yield account that offers a higher interest rate if you plan on saving a larger sum. Additionally, we have a savings account specifically designed for long-term goals, with competitive rates and no monthly fees."", 'I apologize for the inconvenience you’ve experienced. We offer several types of savings accounts including a standard savings account, a high-yield savings account, and a student savings account. The interest rates vary depending on the type but currently range from 0.5% to 2.0% APY. Would you like details on any specific account?']",Savings Account Options and Features,"The documents and words suggest a focus on different types of savings accounts offered by a financial institution. These accounts vary based on features such as interest rates, purpose (like basic, high-yield, and student accounts), and specific savings goals. The customer interaction highlighted in the documents indicates an emphasis on tailoring savings solutions to meet individual financial needs.",positive,4
3,122,3_forex_forex account_account_trading,"['forex', 'forex account', 'account', 'trading', 'forex trading', 'im', 'forex accounts', 'opening', 'started', 'process']","[""Absolutely, we're thrilled to hear you're enthusiastic about our forex services! To get started with depositing into your forex account, you’ll first need to ensure your account is active. Have you already set up your forex account with us, or do you need assistance with that as well?"", ""Thank you for considering us for your Forex trading needs! I'd be happy to assist you with linking your Forex account. To get started, could you please confirm whether you already have a Forex trading account with us, or are you planning to open a new one?"", 'Absolutely, it’s great to hear you’re interested in forex trading! Opening a forex account with us is a straightforward process. Could you please let me know if you already have any accounts with our bank, or would this be your first one?']",Forex Account Setup and Assistance,"The representative words and documents focus on providing support and guidance for setting up and linking Forex trading accounts. The emphasis is on assisting clients with the process of activating and opening Forex accounts, indicating a customer-centered approach to initiating and maintaining Forex trading activities.",positive,4
4,120,4_app_mobile_mobile app_try,"['app', 'mobile', 'mobile app', 'try', 'apps', 'issues', 'work', 'phone', 'using', 'version']","['I’m sorry to hear you’re having trouble with our app, and I completely understand how frustrating that must be. Let’s see if we can get this sorted out. Have you had a chance to update the app to the latest version? Sometimes these issues can occur if the app isn’t up to date.', ""Hello, I’m sorry to hear that you’re experiencing issues with our mobile app. Let’s get this sorted out for you. Could you please tell me which version of the app you are using, and whether you've tried restarting your device?"", ""Hello! Thank you for your kind words about our mobile app. I'm thrilled to hear you're enjoying it! Applying for a mobile app account is a simple process. Have you registered in the app yet, or would you like assistance with that?""]",Mobile Application Troubleshooting and Assistance,"The representative words and documents indicate a focus on addressing issues with a mobile app, providing troubleshooting steps, and offering assistance with app-related processes. The documents suggest customer service interactions aimed at solving technical problems and guiding users through the use of the app, with an emphasis on updating the app to its latest version and ensuring the device is functioning properly.",neutral,3
5,118,5_loan_personal_personal loan_terms,"['loan', 'personal', 'personal loan', 'terms', 'loans', 'application', 'im', 'number', 'loan bank', 'repayment']","[""Of course! I'd be happy to assist you with that. We offer a variety of loan options, including personal loans, home loans, auto loans, and business loans. Could you let me know what type of loan you're interested in?"", ""Great! We offer several auto loan options with competitive interest rates. To get started, you'll need to decide on the amount you'd like to borrow and the loan term. We can set up an appointment with one of our loan officers who will guide you through the process and help tailor the loan terms to fit your needs."", ""That's wonderful news! Congratulations on your loan approval. I'd be happy to help you verify all the details. Could you please provide me with your loan application number or your account details?""]",Loan Services and Processes,"The representative words and documents indicate a theme centered around various aspects of loan services. This includes different types of loans such as personal, auto, and business loans, as well as the processes involved in applying for and managing these loans. Key aspects include loan terms, application processes, repayment, and verification of loan details. The content is geared towards assisting customers with choosing, applying for, and managing their loan agreements effectively.",positive,4
6,108,6_day_youre welcome_welcome_day youre,"['day', 'youre welcome', 'welcome', 'day youre', 'questions', 'reach', 'great day', 'need assistance', 'assistance', 'feel free']","['You’re welcome! If you have any other questions or need further assistance, feel free to reach out anytime. Have a great day!', ""You're welcome! If you have any other questions or need further assistance, feel free to reach out. Have a great day!"", ""You're welcome! If you have any more questions or need further assistance, feel free to reach out. Have a great day!""]",Customer Support and Follow-up,"The representative words and documents suggest a theme centered around customer service, specifically the acts of offering assistance, answering questions, and encouraging ongoing communication. The repetition of phrases like 'you're welcome', 'feel free to reach out', and 'have a great day' highlight a customer-centric approach designed to ensure satisfaction and continued engagement.",positive,4
7,93,7_deposit_fixed_fixed deposit_term,"['deposit', 'fixed', 'fixed deposit', 'term', 'rate', 'details', 'tenure', 'provide', 'rates', 'like']","[""Good afternoon! Thank you for reaching out to us. We're thrilled to hear you're interested in starting a fixed deposit with us. I'd be happy to provide you with all the details you need. Could you let me know if you have a specific tenure in mind for your fixed deposit?"", ""That's wonderful to hear! We really appreciate your interest in our fixed deposit options. Could you please provide me with a bit more information on the amount and tenure you're considering for your fixed deposit?"", 'Certainly! A linked fixed deposit, also known as a sweep-in or auto-sweep fixed deposit, allows you to link your savings or current account to a fixed deposit. This means if your account balance falls below a certain threshold, funds are automatically swept from the fixed deposit to ensure enough balance for transactions. Would you like to know more about its benefits?']",Fixed Deposit Information and Options,"This topic encompasses information on starting and managing fixed deposit accounts, including details on tenure, rates, and specific types like linked fixed deposits. It engages with potential depositors to provide relevant details, discuss options, and explain features that cater to individual financial needs, thereby ensuring the depositor can make informed decisions.",positive,4
8,85,8_alex_thank alex_thanks_help alex,"['alex', 'thank alex', 'thanks', 'help alex', 'day', 'alex youve', 'appreciate', 'thats', 'help', 'thank']","['Thank you, Alex. You too!', 'Thank you, Alex. I’ll do that. I appreciate your help.', 'Thank you, Alex. You too!']",Gratitude and Acknowledgment towards Alex,"The representative words and documents suggest a theme of expressing gratitude and appreciation towards someone named Alex. Words like 'thank', 'thanks', 'appreciate', and phrases such as 'thank Alex' and 'help Alex' indicate an acknowledgment of assistance or support received from Alex. The documents reinforce this by showing messages of thanks and appreciation, suggesting a focus on recognizing Alex's contributions or help.",positive,4
9,76,9_atm_atms_location_area,"['atm', 'atms', 'location', 'area', 'nearby', 'convenient', 'use', 'provide location', 'hear', 'avenue']","[""Hello! I'm thrilled to hear that you're enjoying the new ATM interface. Thank you for the kind words! I'd be happy to help you verify which ATMs in your area have received the update. Could you please provide me with your location or ZIP code?"", ""I'm sorry to hear about the inconvenience you're facing with the ATM. Could you please provide me with the location of the ATM? I'll look into this matter right away."", 'I’m really sorry to hear about your experience with our ATM. I understand how frustrating it must be. Let’s see what we can do to resolve this quickly. Could you please provide me with the location of the ATM and the time this happened?']",ATM Location and Assistance,"The representative words and documents revolve around customer interactions related to ATMs, focusing on the location and convenience of these machines. Customers are either discussing updates and improvements to ATMs in their area or reporting issues they have encountered. The documents suggest a recurring theme of verifying ATM statuses and resolving customer service problems by identifying the ATM's location.",very positive,5
10,74,10_debit card_debit_card_new debit,"['debit card', 'debit', 'card', 'new debit', 'new', 'received', 'hi', 'im', 'hi alex', 'days']","[""Hi! I recently received my new debit card in the mail and I'm really excited to start using it. Could you help me with the activation process?"", 'Hi, I recently received a new debit card from your bank, and I would like to know how to activate it.', 'I’m really sorry to hear that you’re having trouble with your debit card. Let’s see how we can resolve this for you. Could you please provide me with the last four digits of your debit card number and confirm your full name for security purposes?']",Debit Card Activation,"The representative words and documents revolve around the process of receiving and activating a new debit card. The documents highlight scenarios where customers have received their new debit cards and are seeking assistance with activation, indicating a focus on customer service and support in relation to debit card usage and security verification.",neutral,3
11,70,11_online_online banking_banking_banking account,"['online', 'online banking', 'banking', 'banking account', 'log online', 'account', 'youll', 'section', 'log', 'account online']","[""That's fantastic, James. It sounds like you're well-prepared! Aside from reviewing your welcome package, the next step would be to log into your online banking to verify your account details and you'll be ready to start making deposits. If you haven't set up your online banking yet, I can help walk you through the process."", 'Thank you, John. I’ve verified your details. To unlink your credit card, you’ll need to log into your online banking account, go to the account settings section, and you should find an option to manage linked cards. From there, you can select the credit card you want to unlink and follow the prompts.', 'Of course! I’m happy to hear you’ve had a great experience with our online services. Here’s what you need to do: Log in to your online banking account, go to the “Accounts” section, and select your “Others” account. Then, click on the “Withdraw” option and enter the amount you wish to withdraw. Make sure to confirm the details, and that’s it!']",Online Banking and Account Management,"The representative words and documents center around the theme of online banking. The discussion involves logging into online banking systems, managing and verifying account details, such as linking/unlinking credit cards, and conducting transactions like deposits and withdrawals. The emphasis is on using online platforms to efficiently manage personal banking tasks, highlighting aspects like security checks and account settings accessible through online interfaces.",positive,4
12,63,12_abc_abc bank_calling abc_assist today,"['abc', 'abc bank', 'calling abc', 'assist today', 'bank', 'thank calling', 'calling', 'today', 'assist', 'thank']","['Hello, thank you for calling ABC Bank. My name is Alex. How can I assist you today?', 'Hello, thank you for calling ABC Bank. My name is Alex. How can I assist you today?', 'Hello, thank you for calling ABC Bank. My name is Alex. How can I assist you today?']",Customer Service Interaction,"The representative words and documents suggest a communication scenario involving a customer service interaction with a bank representative, likely taking place over a phone call. Phrases like 'thank you for calling', 'assist today', and 'ABC Bank' indicate a formal greeting and an offer of assistance typical of customer service dialogues in a banking environment.",neutral,3
13,60,13_charge_charges_account_fees,"['charge', 'charges', 'account', 'fees', 'details', 'understand', 'let', 'refund', 'account details', 'look']","[""Hello, I'm sorry to hear about this inconvenience. Let me help you resolve it. Could you please provide me with your name and the details of the charge you're concerned about?"", 'I’m really sorry to hear about this inconvenience. Let’s get this sorted out for you. Can you please provide details about the charge and when it appeared on your account?', 'I apologize for any inconvenience. Let me pull up your account details to check the charges you’re referring to. Could you please provide me with your account number or any other details?']",Customer Service: Addressing Charge Inquiries,"The topic focuses on customer service interactions dealing with customer inquiries about charges on their account. The representative words and documents indicate a scenario where a customer service representative is assisting a customer in resolving issues related to unexpected charges or fees, requiring them to gather relevant account details in order to offer a refund or explanation.",neutral,3
14,53,14_account_sorry_frustration_sorry hear,"['account', 'sorry', 'frustration', 'sorry hear', 'let', 'inconvenience', 'look right', 'details', 'right', 'hear frustration']","['I’m sorry to hear about your frustration. Let me look into this for you right away. Could you please provide me with your account number and what specific updates you requested?', ""I'm really sorry to hear about this inconvenience, and I understand how frustrating this must be for you. Let me look into this right away. Could you please confirm your full name and account number so I can access your details?"", 'I’m really sorry to hear about your frustration. Let me look into this for you right away. Could you please provide me with your account number or any details from the notification so I can access your account information?']",Customer Service Apology and Account Resolution,The representative words and documents revolve around the theme of a customer service interaction where the agent is addressing a customer's frustration and inconvenience. The key focus is on apologizing for the poor experience and quickly resolving the issue by accessing the customer's account details.,negative,2
15,48,15_xyz_xyz bank_calling xyz_assist today,"['xyz', 'xyz bank', 'calling xyz', 'assist today', 'thank calling', 'bank', 'calling', 'today', 'assist', 'today good']","['Good morning! Thank you for calling XYZ Bank. My name is Alex. How can I assist you today?', 'Good morning! Thank you for calling XYZ Bank. My name is Alex. How can I assist you today?', 'Good morning! Thank you for calling XYZ Bank. My name is Alex. How can I assist you today?']",Customer Service Interaction at XYZ Bank,"The representative words and documents suggest a focus on phone-based customer service interactions at XYZ Bank. Key elements include greeting the customer, identifying the bank and representative, and offering assistance to the caller, which is indicative of a typical call center script aimed at providing support and maintaining a professional customer service environment.",neutral,3
16,44,16_atm_atm card_card_cash,"['atm', 'atm card', 'card', 'cash', 'withdraw cash', 'withdraw', 'pin', 'new atm', 'frustrated right', 'hi']","[""Good afternoon! I'm glad to hear you're happy with our services. I’ll certainly help you with unblocking your ATM card. Could you please provide the last four digits of your card and confirm your full name?"", ""Hi Alex, I'm hoping to get some help with my ATM card. It seems to be blocked, and I'm unable to withdraw cash."", 'Hi, I’m really frustrated right now. I just tried using my ATM card, and it wouldn’t let me withdraw any cash. This is really inconvenient!']",ATM Card Issues and Assistance,"The representative words and documents indicate a discussion around problems with ATM cards, specifically issues of card blockage and inability to withdraw cash. The assistance requested and provided involves unblocking ATM cards, verifying identity, and addressing frustration due to these inconveniences. This topic revolves around customer support interactions in banking services related to ATM functionality.",neutral,3
17,43,17_app_mobile_mobile app_banks mobile,"['app', 'mobile', 'mobile app', 'banks mobile', 'banking', 'banks', 'banking app', 'using', 'hi', 'mobile banking']","[""Hi! I just wanted to say I recently downloaded your bank's mobile app, and it's amazing! It's so intuitive and easy to use. I'm interested in applying for a mobile app account. How do I go about doing that?"", 'Absolutely, our mobile app offers the same convenient features as our online banking, and it’s perfect for on-the-go access. Once you’ve registered online, you can download the app and use the same credentials to log in. If you need any help along the way, feel free to reach out any time!', ""Yes, indeed! Once you've registered for online banking, you can download our mobile banking app from the App Store or Google Play. The app offers all the functionalities of online banking and even more convenience on-the-go. If you have any questions or need further assistance, feel free to reach out. We're here to help!""]",Mobile Banking Application,"The topic revolves around the features and user experiences related to mobile banking applications. It highlights the ease and convenience of using these apps for banking purposes, as well as the seamless integration with online banking credentials. The discussion also emphasizes customer support and guidance for users in setting up and using mobile banking services.",very positive,5
18,40,18_branch_visit_online_branches,"['branch', 'visit', 'online', 'branches', 'apply online', 'application', 'apply', 'process', 'visit branch', 'valid']","[""Absolutely! You can apply online through our website or in person at any of our branches. To apply, you'll need a valid ID, proof of income, and your social security number. Once you submit your application, our team will review it, and you'll typically receive a decision within 3-5 business days. Is there anything else I can help you with today?"", ""Great! To begin the application, you'll need to provide a valid ID, proof of income, and recent bank statements. You can definitely start the process online through our website, or if you prefer, visit one of our branches. If you begin online and have questions, feel free to reach out. Is there anything else I can assist you with today?"", ""Of course. The application process is straightforward. You can apply online through our website, or if you prefer an in-person visit, you can always drop by one of our branches. You'll need to provide some basic information and valid identification. If you choose to apply online, we generally complete the process within a few business days. Let me know if you'd like any assistance with the online application form!""]",Application Process Options,"The documents and words revolve around the various methods available for individuals to submit applications, either online or at physical branch locations. The emphasis is on the flexibility of the process, requiring valid documentation such as ID and proof of income, and reassuring a timely review of submitted applications. Assistance is also readily available to support applicants through the chosen application path.",positive,4
19,39,19_transaction_15th_provide date_transactions,"['transaction', '15th', 'provide date', 'transactions', 'date', 'september', 'sure', 'date transaction', 'transaction history', 'provide']","[""Of course, Alex! Let's get this sorted out for you. Could you please provide me with the date and the amount of the transaction in question? I'll take a closer look and see how we can resolve this discrepancy."", ""Thank you for that information, Alex. Let me check your transaction history... I see the transaction you're referring to. We can certainly investigate this further. I’ll initiate a dispute for you, and our team will review the details to ensure everything matches your records. You'll receive an update soon via email."", 'Certainly! There’s a transaction dated September 15th for $150 at Green Grocery Store, but I recall the purchase should have been for $120. Could you check this for me?']",Transaction Discrepancies and Investigations,"The provided representative words and documents describe scenarios involving potential discrepancies in transaction records. The focus is on identifying, investigating, and resolving issues related to incorrect transaction amounts or dates. Key actions include providing transaction details, checking transaction histories, initiating disputes, and ensuring ledger accuracy to match customer records.",neutral,3
