﻿topic_num,topic_importance,num_of_docs_per_topic,term_importance,features,probable_topic,trigger,explanation,sentiment,sentiment_score
1,1666.14948206675,1559,107.14948206674978,"ll, let, ensure, details, right, apologize, information, thank, understand, away",Customer Service Apology,"I let my bank know that they didn't ensure the correct details, and they apologized.","The verb 'let' indicates the customer is informing or notifying the bank of an issue, while 'ensure' suggests a failure on the bank’s part to fulfill a responsibility, which leads to an apology from the bank.",neutral,3
18,1560.8619653630901,1527,33.861965363090206,"account, savings, savings account, online, like, forex, process, banking, online banking, accounts",Issues with Online Savings Account,I can't access my savings account through online banking.,"The word 'process' suggests there might be issues with the procedural aspects of online banking. In combination with 'savings account,' it indicates a frustration related to accessing or managing savings through an online platform.",negative,2
5,1433.381954770648,1408,25.38195477064798,"thank, thank help, appreciate, sounds, help, thank alex, alex, perfect, forward, really",Customer Service Assistance,"Thank you for your help, Alex.","The verbs 'thank' and 'help' indicate that a customer service interaction occurred where Alex assisted the customer. The customer expresses gratitude, suggesting successful resolution or assistance in a banking-related matter.",positive,4
12,1296.4471231319883,1266,30.44712313198827,"sure, make, make sure, just, want, just want, want make, time, doesn, yes",Account Verification,I just want to make sure my account is secure.,"The customer is focused on ensuring the security of their account, indicated by the emphasis on 'make sure.' This likely stems from a need for reassurance about account safeguards.",neutral,3
6,1261.216912288942,1237,24.216912288942005,"frustrated, really frustrated, really, frustrated right, hi, trying, ve trying, ve, right, hi really",Customer Frustration with Bank Services,I have been trying to contact customer support and I'm really frustrated with the lack of response.,"The repeated emphasis on 'trying' suggests the customer has made multiple unsuccessful attempts to achieve something with the bank, likely contacting support or resolving an issue, leading to their frustration.",very negative,1
3,1258.1238492341392,1229,29.123849234139303,"sorry hear, sorry, hear, let, resolve, really sorry, understand, provide, frustrating, understand frustrating",Customer Complaint Resolution,I am frustrated and I hope you can resolve this issue.,"The presence of words like 'resolve', 'frustrating', and expressions of apology such as 'really sorry' and 'understand' suggest the topic is a customer's complaint where they expect a resolution. The emphasis on 'resolve' indicates an action to fix the issue, triggered by the customer's frustration over an unresolved problem.",negative,2
7,1216.6936188570394,1184,32.693618857039276,"hi, wanted, hope, hi alex, great, bank, having, great day, having great, hope having",Customer Service Inquiry,I wanted to inquire about the services offered by your bank.,"The word 'wanted' indicates a desire to perform an action, suggesting that the customer is reaching out to the bank with a specific intention or need, likely related to obtaining information or clarification about the bank's services.",neutral,3
10,1200.8664948155174,1170,30.866494815517296,"card, credit, credit card, debit card, debit, new, digits, rewards, card number, like",Credit Card Rewards Inquiry,I would like to understand the rewards program for my new credit card.,The inclusion of 'like' and 'new' alongside 'credit card' suggests a customer is interested in the benefits or rewards associated with their recently acquired credit card.,neutral,3
13,1185.294037534959,1157,28.294037534958928,"app, mobile, mobile app, using, try, banking, phone, bank mobile, log, convenient",Mobile Banking User Experience,"I tried using the bank's mobile app to log in, but it's not convenient.","The emphasis is on the user's attempt to 'try using' the bank's mobile application, highlighting potential usability or convenience issues when attempting to log in. Considering the digital banking context, the mobile experience is pivotal, and any difficulty encountered when using the app would affect customer satisfaction.",negative,2
8,1182.5816422776086,1160,22.581642277608587,"number, account number, account, 123456789, number 123456789, sure account, sure, provide account, provide, details",Account Information Request,I need to provide my account number details.,"The emphasis on the verbs 'provide' and 'sure' suggests that the customer is required to confirm or share their account number details, likely for verification or transaction purposes.",neutral,3
19,1177.3083310705324,1154,23.308331070532493,"kind, words, kind words, thank kind, hear, happy, thank, positive, delighted, experience",Customer Satisfaction,I am delighted with the positive experience I had at your bank.,"The presence of words such as 'delighted', 'happy', and 'positive' coupled with verbs like 'hear' and 'thank' indicate that the customer is expressing satisfaction and gratitude for a service or experience, suggesting a positive interaction with the bank.",very positive,5
14,1123.0621498276141,1101,22.062149827614206,"deposit, fixed, fixed deposit, deposit account, opening fixed, rate, tenure, term, year, opening",Fixed Deposit Account Opening Process,I want to open a fixed deposit account.,"The customer is interested in initiating the process of opening a fixed deposit account, which involves considering factors such as deposit amount, rate, tenure, and terms for a specified number of years.",neutral,3
17,1057.6810678369463,1046,11.681067836946395,"thanks, thanks help, help, help alex, alex, ll, needed, alright, thanks alex, covers",Customer Assistance,I needed help with my account and Alex provided excellent support.,The repeated mention of 'help' and a name ('Alex') indicates a customer interaction where assistance was given. The words 'thanks' and 'needed' suggest gratitude following a resolution of an issue. 'Covers' implies that the support provided addressed all concerns.,very positive,5
0,1011.0121750243576,995,16.01217502435757,"hello thank, hello, thank calling, calling, calling bank, assist today, alex assist, today, assist, bank alex",Customer Service Interaction at Bank,"Hi, thank you for calling the bank, how can Alex assist you today?","The verbs 'calling' and 'assist' indicate an interaction initiated by the customer contacting the bank, leading to assistance provided by a representative named Alex. This suggests a scenario where a customer reached out to the bank for help or information, which aligns with a typical customer service interaction.",neutral,3
16,989.696526790974,971,18.696526790973945,"hesitate, don hesitate, don, day, hesitate reach, welcome, reach, need, need assistance, great day",Customer Assistance Request,I need help with my account but I'm unsure about whom to contact.,"The presence of verbs like 'hesitate' and 'need', with an emphasis on earlier verbs, suggests that the customer is unsure but has a requirement. The combination of 'hesitate', 'reach', and 'need assistance' strongly indicates a scenario where the customer is contemplating reaching out for help but is hesitant or unsure about the process or whom to contact.",neutral,3
2,980.9391192283939,963,17.93911922839388,"feel free, free, feel, free reach, reach, welcome, questions, day, need assistance, assistance",Customer Service Availability,I feel free to reach out anytime if I need assistance.,The verbs 'feel' and 'reach' emphasize a customer-centric approach where the bank encourages customers to contact them freely with questions or for assistance. This implies an open and welcoming customer service environment.,positive,4
9,954.2635672116567,937,17.263567211656703,"good afternoon, afternoon, afternoon thank, good, thank calling, assist today, calling, today, assist, bank",Customer Assistance Request,"Thank you for calling the bank, how can we assist you today?","The customer called the bank, likely seeking help or information. The verbs 'calling' and 'assist' suggest an incoming call to the bank, where the customer might have been prompted to clarify their needs or issues for resolution.",neutral,3
15,791.5132473070843,783,8.513247307084235,"xyz, xyz bank, calling xyz, bank, bank alex, assist today, alex assist, today, thank, thank calling",Customer Assistance,I called XYZ Bank today to get assistance from Alex.,"The word list emphasizes verbs related to calling and assisting, highlighting a scenario where a customer is likely seeking help from the bank, possibly regarding a service or issue they are experiencing. The presence of specific names like 'Alex' suggests personalized customer service.",neutral,3
11,623.3295387125537,609,14.329538712553738,"good morning, morning, morning thank, good, assist today, thank calling, today, calling, assist, bank alex",Customer Assistance Request,I need help with my banking issue today.,"The combination of words like 'assist', 'today', and 'calling' suggests that the customer is reaching out for immediate help or support with a banking-related matter. The verb 'assist' is crucial here, indicating the necessity for some form of customer service interaction.",neutral,3
4,617.2858539418102,606,11.285853941810162,"customer service, customer, bank customer, service, service alex, alex assist, assist today, today, alex, assist",Assistance from customer service,I needed help today with my banking issue and Alex assisted me.,"The presence of terms like 'assist', 'today', and 'Alex' suggests that the customer is focusing on receiving help from customer service. The repeated mention of 'service' and 'customer' underscores the context of being served by the bank's support team, specifically by a representative named Alex, on the same day.",neutral,3
