﻿topic_num,topic_importance,num_of_docs_per_topic,term_importance,features,probable_topic,trigger,explanation,sentiment,sentiment_score
3,8013.0092796005265,7942,71.00927960052655,"hi, ve, really, bank, frustrated, really frustrated, right, just, frustrated right, hi alex",Customer Service,I am really frustrated with the bank's service.,"The presence of the verbs 've' (have) and 'really' indicates a strong emotional reaction, primarily frustration, which suggests an issue with the bank's customer service. The customer's repeated mention of being 'frustrated' and addressing someone directly ('hi alex') highlights an attempt to engage and find resolution.",very negative,1
11,7263.652047982092,7230,33.65204798209214,"number, sure, account number, account, 123456789, number 123456789, sure account, just, make, want",Account Information Update,I want to make sure my account information is up-to-date.,"The emphasis on the verbs 'make' and 'want', along with references to 'account' and 'account number', suggests a need to ensure current account details are correct or updated, possibly for security or transaction purposes.",neutral,3
0,6997.484693137969,6948,49.484693137969295,"card, credit, credit card, activate card, activate, pin, physical, physical card, need, card pin",Credit Card Activation,I need to activate my new credit card.,"The presence of verbs 'activate' and 'need' indicates the customer's primary concern is the activation process of a credit card, with emphasis on obtaining and setting up the physical credit card and its associated pin.",neutral,3
9,6302.050841411189,6258,44.050841411188806,"thank, help, thanks, alex, appreciate, ll, great, thank help, day, sounds",Customer Service Satisfaction,I want to thank Alex for the great help provided today.,"The list contains multiple words of gratitude and phrases indicating assistance, such as 'thank', 'help', and 'appreciate'. The mention of 'Alex' suggests an interaction with a specific customer service representative, pointing towards a positive customer service experience.",positive,4
12,5765.356806298076,5739,26.356806298075902,"app, card app, mobile, mobile app, use app, phone, currencies, did, make, payment app",Issues with Mobile Payment Apps,"I tried to use the app to make a payment, but it didn't work.","The words 'use' and 'make' suggest an action taken by the customer related to the utilization of a mobile app for financial transactions. Given the emphasis on 'use app' and 'make' along with related terms like 'payment app' and 'mobile', it's likely the customer attempted to make a payment through a mobile app but faced issues, which prompted their concern.",negative,2
1,5633.245011508415,5607,26.245011508414397,"money, transfer, account, money account, transfer money, transfer account, add, add money, deposit money, bank",Money Transfer Issues,"I tried to transfer money to my friend's account, but it's not going through.","The presence of verbs like 'transfer' and 'add' indicates actions related to moving and increasing funds, pointing to potential issues with transferring funds between accounts.",negative,2
8,4954.468351970409,4932,22.468351970408126,"atm, cash, cash atm, withdraw, withdrawal, didnt, money atm, money, pending, card atm",ATM Cash Withdrawal Issue,I didn't receive my money when I tried to withdraw cash from the ATM.,"The presence of the verbs 'withdraw' and 'didn't' strongly suggests that the customer attempted to withdraw cash from an ATM but did not receive the funds. The repetition of terms related to money and ATM further supports a scenario where an ATM transaction did not complete as expected, resulting in a pending or missing withdrawal.",negative,2
17,4703.636259081771,4690,13.636259081771033,"balance, account balance, check, check balance, balance savings, balance checking, tell, account, tell balance, current",Account Balance Inquiry,I need to know my current account balance urgently.,The customer is looking to obtain information about their current account balance. The emphasis on verbs 'check' and 'tell' indicates an immediate need to verify or be informed about their financial standing.,neutral,3
4,4690.775992854743,4680,10.775992854743365,"virtual, virtual card, disposable, disposable virtual, card, work, card work, order, order virtual, disposable card",Virtual Cards Functionality,"I ordered a disposable virtual card, but it doesn't seem to work.","The words 'order' and 'work' suggest issues related to the functionality and usability of virtual cards, specifically disposable virtual cards. The customer likely attempted to order and use a disposable virtual card but experienced problems with its operation or functionality, prompting a need for assistance or clarification.",negative,2
10,4641.431981717373,4623,18.43198171737279,"new, new card, card, order, activate, link new, link, order new, activate new, china",Card Activation and Linking,I am unable to activate my new card and link it to my account.,"The emphasis on the verbs 'order', 'activate', and 'link' suggests that the customer is concerned with getting a new card and ensuring it is activated and linked properly. The presence of 'new card' and repeated focus on 'new' emphasizes that the customer is dealing with setting up a recently acquired card, potentially for use in a specific context such as in China.",negative,2
6,4626.954160980164,4614,12.95416098016379,"savings, savings account, account, balance savings, send, check savings, like, use savings, tell balance, transfer",Balance Inquiry and Transfer Request,I can't check my savings account balance or send money easily.,"The presence of verbs 'send', 'check savings', 'like', 'use savings', and 'tell balance' indicates actions associated with accessing and managing accounts, suggesting that the customer is experiencing difficulties in checking their savings balance and performing a transfer.",negative,2
19,4560.824521681714,4546,14.824521681713822,"deposit, cash, cash deposit, deposit account, fixed deposit, fixed, deposit money, account, showing, cash account",Cash Deposit Process,"I am trying to deposit money into my account, but it's not showing up.",The emphasis on verbs like 'deposit' and 'showing' suggests a customer is experiencing a delay or issue with their cash deposit not appearing in their account as expected. This points to concerns about the reliability of the cash deposit process.,negative,2
7,4557.075508587526,4541,16.075508587526038,"payment, card payment, pending, declined, payment declined, cancelled, card, reverted, payment cancelled, payment reverted",Payment Issues,"My card payment was unexpectedly declined, leading to a pending status that eventually got cancelled.","The verbs 'declined', 'cancelled', and 'reverted' indicate that the payment process encountered issues, leading to customer frustration. The sequence suggests an attempt to use their card was unsuccessful, causing a pending transaction that was ultimately cancelled, possibly due to a system error or insufficient funds.",negative,2
16,4494.939100593391,4477,17.93910059339103,"currency, currency exchange, exchange, foreign, foreign currency, exchange currency, change, salary, need, different currency",Currency Exchange Service,I need to exchange my salary to a different currency.,"The primary action is the customer's need to change their salary into a different currency, likely due to a requirement for foreign currency exchange services.",neutral,3
5,4294.344393327169,4283,11.344393327169184,"checking account, checking, account, balance checking, use checking, check checking, send, want, check balance, dollars",Checking Account Balance Inquiry,I want to check my checking account balance.,"The verbs 'use', 'check', and 'send', along with nouns like 'checking account' and 'balance', suggest the main focus is on the action of checking the balance of the account. The primary concern from a customer perspective is to verify the amount in their checking account.",neutral,3
18,4077.0409771694012,4066,11.040977169401172,"exchange rates, exchange, rates, currencies, exchange currencies, know, like, know exchange, calculated, tell exchange",Exchange Rate Inquiry,I would like to know how exchange rates are calculated.,"The list contains verbs such as 'know', 'like', 'calculated', and 'tell', with the verb 'know' being emphasized. The customer might be seeking information on the methodology behind exchange rate calculations, indicating their interest in understanding the process better.",neutral,3
14,3916.6662957072162,3901,15.666295707216143,"use, use card, atms, use account, use app, atms use, able use, card, able, identity",Issues with Using Banking Services,I'm unable to use my card at ATMs and access my account on the app.,"The repeated mention of the verb 'use' suggests a problem with accessing or utilizing banking services, such as using a card or an app. The concern likely revolves around the customer being unable to perform basic transactions or access account information, possibly due to identity verification issues.",negative,2
15,3851.5868212509226,3830,21.586821250922753,"fee, charged, using, extra, using card, charged fee, charged extra, extra fee, fee using, charge",Unexpected Fees,I was charged an extra fee when using my card.,"The sequence of words including 'charged', 'charged fee', and 'extra fee' suggest a concern or confusion around unexpected or uncommunicated fees associated with using a card, likely leading to dissatisfaction or the need for clarification from the bank.",negative,2
13,3830.0034794241396,3817,13.003479424139742,"debit, direct, direct debit, debit payment, didnt, dont, set, debit card, debit transaction, transaction",Direct Debit Issues,I don't understand why my direct debit transaction didn't go through.,"The word list emphasizes issues related to direct debits and transactions, with several words pointing to problems or misunderstandings with debit payments. Customers often have concerns when transactions, particularly those set up for direct debits, don't proceed as expected.",negative,2
2,3327.085512264969,3311,16.08551226496901,"rate, exchange rate, exchange, wrong, rate wrong, incorrect, bought, cash, applied, rate applied",Exchange Rate Discrepancy,I noticed that the exchange rate applied to my transaction was wrong.,"The word list contains verbs like 'bought' and 'applied', but the emphasis is on 'applied' since it appears earlier. The customer might have identified an issue with the exchange rate that was applied to their transaction, suggesting a potential discrepancy or error in the rate used by the bank.",negative,2
