﻿Topic,Count,Name,Representation,Representative_Docs,probable_topic,explanation,sentiment,sentiment_score
0,564,0_thank_thats_thanks_ill,"['thank', 'thats', 'thanks', 'ill', 'alright', 'appreciate', 'thank help', 'yes', 'thanks help', 'sounds']","['No, that should be all for now. Thank you for your help!', ""No, that's all. Thank you for your help."", ""No, that's all for now. Thank you for your help.""]",Expressing Gratitude and Confirmation of Assistance,"The representative words and documents indicate expressions of gratitude such as 'thank', 'thanks', and 'appreciate'. Additionally, phrases like 'thank help' and 'thanks help' suggest a specific context where assistance has been received and acknowledged. The documents reflect a conversation tone where the speaker confirms no further needs and expresses appreciation for the help provided. Overall, the topic revolves around politely closing an interaction by acknowledging support or assistance received.",neutral,3
1,421,1_bank_current account_current_account bank,"['bank', 'current account', 'current', 'account bank', 'banking', 'service', 'experience', 'banks', 'considering', 'alex']","[""Hi Alex! I'm considering opening a current account with your bank and I've heard great things about your services. Could you tell me more about the features and benefits you offer with your current accounts?"", 'Good morning, Emily! I’m interested in opening a current account with your bank, and I’ve heard a lot of great things about your services. Could you please provide me with some information about the different current account options you offer?', 'Hi, Sarah! This is John. I hope you’re doing well. I just wanted to say how pleased I am with the excellent service I’ve been receiving from your bank. It’s been fantastic. I’m calling because I’m considering transferring my current account to your bank and would love some guidance on how to proceed.']",Banking and Current Account Services,"The representative words and documents indicate a focus on current accounts offered by banks and the customer experience related to these services. Key aspects include opening an account, evaluating banking services, and transferring accounts while highlighting the importance of excellent customer service in banking experiences.",very positive,5
2,371,2_savings_savings account_account savings_opening savings,"['savings', 'savings account', 'account savings', 'opening savings', 'account bank', 'savings accounts', 'opening', 'account', 'bank', 'im']","['my savings account please', 'from savings account please', 'i see how about my savings account then']",Banking and Savings Management,"This topic focuses on managing financial accounts, specifically savings accounts, in the context of banking. The representative words suggest actions related to savings accounts, such as opening and managing them at a bank. The representative documents indicate a concern with accessing and discussing details about savings accounts, highlighting common transactions or inquiries customers may have with their banks regarding their savings.",neutral,3
3,261,3_alex_thank alex_help alex_thanks alex,"['alex', 'thank alex', 'help alex', 'thanks alex', 'thanks', 'thank', 'alex thank', 'day', 'alex thats', 'thats']","[': Thank you, Alex! You too!', 'No, that’s all for now. Thank you, Alex.', 'Thank you, Alex. I’ll do that. I appreciate your help.']",Expressing Gratitude to Alex,"The words and documents repeatedly mention expressions of gratitude directed towards an individual named Alex. This suggests a theme focused on appreciating or thanking Alex for assistance, likely in a personal or professional context.",positive,4
4,187,4_debit card_debit_new debit_received new,"['debit card', 'debit', 'new debit', 'received new', 'hi', 'received', 'recently', 'hope youre', 'recently received', 'youre']","[""Hi Alex! I hope you're having a great day. I recently received my new debit card, and I'm eager to activate it. Could you guide me through the process?"", 'can i top off with a debit card', 'Hi, I recently received a new debit card from your bank, and I would like to know how to activate it.']",Debit Card Activation and Usage,"The representative words and documents suggest a focus on the process of receiving and activating a debit card, as well as inquiries related to its use. This can involve customer queries about activation steps for a newly received debit card or additional card-related services, such as topping off accounts. The topic encompasses customer support interactions concerning debit card management.",neutral,3
5,161,5_fixed deposit_fixed_deposit_deposit account,"['fixed deposit', 'fixed', 'deposit', 'deposit account', 'deposit bank', 'opening fixed', 'opened fixed', 'opening', 'fixed deposits', 'bank']","[""Hello! I'm interested in opening a fixed deposit account with your bank and wanted to get some details about it. Could you help me with that?"", ""Hi there! I hope you're doing well. I'm interested in opening a fixed deposit account with your bank and was hoping you could guide me through the process."", ""Good morning, Sarah! I'm interested in opening a fixed deposit account with your bank. I've heard great things about your competitive interest rates.""]",Interest in Opening Fixed Deposit Accounts in Banks,"The representative words and documents revolve around customers expressing an interest in opening fixed deposit accounts with banks. The focus is on seeking guidance and information about the opening process and the benefits, such as competitive interest rates, associated with these financial products. This highlights a common customer interaction involving financial product inquiries.",neutral,3
6,156,6_atms_atm_near_nearby,"['atms', 'atm', 'near', 'nearby', 'street', 'atm services', 'area', 'wanted', 'main street', 'location']","[""I'm near downtown on Main Street. I'm looking for the closest ATM to this area."", 'where can i find an atm', 'where is an atm']",Finding Nearby ATMs,"This topic focuses on locating ATMs in a specific area. It involves searching for the closest ATM services available nearby, particularly in familiar or mentioned street locations such as Main Street. The representative words and documents suggest a need for understanding local ATM locations and availability.",neutral,3
7,153,7_current account_current_reset_opening account,"['current account', 'current', 'reset', 'opening account', 'just want', 'account', 'accounts', 'reset account', 'opening', 'settings']","['I’m quite impressed with the benefits you mentioned for the Premier Current Account. The travel insurance and higher transaction limits sound just like what I need. Could you tell me more about the eligibility requirements and how I can go about opening this account?', ""Hi Alex, I'm looking to reset my current account. Could you help me with the process?"", ""Hi, I've been getting really frustrated with my current account lately. I've looked on your website, but it's like wading through a maze. I'm trying to find some information on the current accounts you offer, but it's so complicated.""]",Current Account Management and Services,"The topic revolves around customers managing their current accounts, including resetting account settings, opening new accounts, and understanding account benefits. This topic also touches on customer inquiries about account features and frustrations with navigating information, highlighting a need for clarity and assistance in managing their banking services.",neutral,3
8,146,8_card yes_new card_card soon_arrives,"['card yes', 'new card', 'card soon', 'arrives', 'yes', 'new', 'card', 'card arrives', 'hope', 'just']","[""I appreciate you addressing it, but this shouldn't have happened in the first place. I hope the new card arrives on time. Thanks for your help, Alex."", 'Yes, please do that. I need access to my funds now. Make sure the new card arrives this time.', ""Thank you! You've been really helpful. Looking forward to using my new card soon. Have a wonderful day ahead!""]",Credit Card Delivery and Customer Service,The words and documents are centered around the theme of credit card delivery and the assistance provided by customer service. The focus is on ensuring that a new card arrives promptly and addressing any service issues to maintain customer satisfaction. The language suggests urgency and appreciation for resolving the matter efficiently.,neutral,3
9,143,9_online banking_online_banking_account online,"['online banking', 'online', 'banking', 'account online', 'banking account', 'website', 'banking features', 'banking website', 'platform', 'portal']","['Yes, I do have online banking set up. It’s been really convenient. Could you walk me through the steps to link the new account online?', ""I think I'll use the online banking option. I have access to my account through there."", 'I’d prefer to use the online banking platform. Could you guide me through the process?']",Online Banking and Account Management,"The documents and terms revolve around the use and management of banking accounts via online platforms. This includes accessing accounts, linking new accounts, and utilizing various banking features and websites for financial transactions and management. The convenience and user guidance aspects of online banking portals are emphasized, showcasing the reliance on digital methods for personal banking.",positive,4
10,142,10_credit card_credit_new credit_card bank,"['credit card', 'credit', 'new credit', 'card bank', 'hi', 'hi alex', 'im calling', 'calling', 'received', 'applying']","[""Hi Sarah, I'm interested in opening a new credit card account with your bank. Could you provide me with some information about the options available?"", 'Hello, I’m interested in applying for a new credit card with your bank, and I was hoping to get some information on the options available.', ""Hello, I'm considering opening a new credit card with your bank and wanted to get some more information about the options available. Could you help me with that?""]",Inquiring about New Credit Card Options,"The representative words and documents focus on potential customers expressing interest in new credit card offerings from a bank. They are seeking information on the available options, highlighting the key action of applying for a new credit card. Common phrases include 'new credit card,' 'applying,' and 'information about options,' illustrating the central theme of exploring credit card services and benefits offered by a financial institution.",neutral,3
11,141,11_balance checking_checking account_checking_balance,"['balance checking', 'checking account', 'checking', 'balance', 'check balance', 'account balance', 'check', 'tell balance', 'check checking', 'account tell']","['please show me the balance of my checking account', 'can you please give me the balance for my checking account', 'what is the balance of my checking account']",Checking Account Balance Inquiry,"This topic encompasses the process of requesting and obtaining the balance information from a checking account. It includes various ways a customer might phrase their inquiry about their account balance, emphasizing the key action of checking and obtaining a current balance figure.",neutral,3
12,136,12_mobile_mobile app_banks mobile_app,"['mobile', 'mobile app', 'banks mobile', 'app', 'banks', 'banking app', 'banking', 'mobile banking', 'say', 'app say']","[""Hi there! I recently downloaded your bank's mobile app, and I just wanted to say how impressed I am with its features and ease of use. It's fantastic! I had a couple of questions, though."", ""Hi! I just wanted to say I recently downloaded your bank's mobile app, and it's amazing! It's so intuitive and easy to use. I'm interested in applying for a mobile app account. How do I go about doing that?"", ""Hi there! I've been using the bank's mobile app for a while now, and I just wanted to say how impressed I am with its features.""]",Customer Experience with Bank's Mobile App,"The topic centers around customers sharing their positive experiences and feedback regarding the bank's mobile app. The representative words highlight key aspects such as mobile banking, ease of use, and app features. The representative documents reflect customers' satisfaction with the app and include inquiries about features like applying for new accounts, showcasing regular app usage and interaction.",very positive,5
13,134,13_exchange rates_rates_exchange_rates exchange,"['exchange rates', 'rates', 'exchange', 'rates exchange', 'exchange rate', 'rate', 'know exchange', 'rate exchange', 'calculated', 'current exchange']","['what are the exchange rates', 'where do you find your exchange rates', 'where can i get your exchange rates from']",Exchange Rate Information,"This topic focuses on acquiring information about current exchange rates, including where to find them and how they are calculated. It addresses questions about accessing up-to-date currency exchange data and understanding the methods behind their computation.",neutral,3
14,132,14_direct debit_direct_debit_debit payment,"['direct debit', 'direct', 'debit', 'debit payment', 'debit transaction', 'debit account', 'dispute', 'dispute direct', 'set direct', 'debit didnt']","['show me my direct debit', 'please show me to my direct debit', 'what were my last five direct debit']",Direct Debit Transactions,"This topic encompasses all aspects related to direct debit, including the setting up, processing, and disputing of transactions. It deals with user inquiries about checking, verifying, and understanding their direct debit payments and accounts. The focus is on facilitating access to direct debit information and addressing issues that might arise with these types of financial transactions.",neutral,3
15,123,15_card delivered_delivered_arrive_card arrive,"['card delivered', 'delivered', 'arrive', 'card arrive', 'delivery', 'waiting card', 'waiting', 'need card', 'card arrived', 'expect card']","['im still waiting on my card to be delivered', 'i am waiting for my card to arrive', 'should i keep waiting for my card to be delivered']",Credit Card Delivery Issues,The representative words and documents reflect concerns and inquiries about the status of credit card deliveries. Customers are expressing their anticipation and uncertainty regarding when their new or replacement credit cards will arrive. The topic highlights a common issue related to financial service logistics where timely delivery of cards is crucial for customer satisfaction and usability.,neutral,3
16,119,16_loan_loan bank_current loan_loan application,"['loan', 'loan bank', 'current loan', 'loan application', 'applied loan', 'applying loan', 'application', 'loan options', 'hi', 'loan im']","[""Good morning, Lisa! I'm considering opening a loan with BankTrust, and I've heard great things about your loan services. I'm hoping you can guide me through the process?"", ""Hi, Alex! I'm thinking about applying for a loan and wanted to get some information on the options available. I've heard great things about your bank's loan services."", ""Good morning! I'm thrilled to be speaking with you. I've been considering applying for a loan with your bank. I've heard great things about your loan products, and I feel confident that this is the right step for me. Could you guide me through the application process?""]",Bank Loan Application Process,"The representative words and documents indicate a focus on the process and considerations involved in applying for a loan at a bank. The recurring themes involve seeking guidance on loan application procedures, exploring loan options, and emphasizing positive perceptions of the bank's loan services. This topic revolves around potential customers expressing interest and confidence in applying for loans and seeking detailed information on how to proceed with a bank loan application.",positive,4
17,110,17_forex_forex account_opening forex_account bank,"['forex', 'forex account', 'opening forex', 'account bank', 'opening', 'trading', 'interested opening', 'forex trading', 'excited', 'bank']","[""Hi Alex! I'm interested in opening a forex account with your bank, and I wanted to learn more about the process. I've heard great things about your services."", ""Hi Sarah! I hope you're doing well. I'm interested in learning more about opening a forex account with your bank. I’ve heard great things and I’m excited to get started."", ""Hi Lisa! I'm interested in opening a forex account with your bank. I've heard great things about your services and I'm excited to get started.""]",Opening a Forex Trading Account with a Bank,The representative words and documents suggest a focus on individuals expressing interest in starting forex trading by opening an account with a bank. The terms highlight enthusiasm towards forex trading and a positive perception of the bank's services. The underlying theme is the interest and excitement about entering the forex market through a financial institution and understanding the processes involved.,positive,4
18,107,18_balance savings_balance_savings_savings account,"['balance savings', 'balance', 'savings', 'savings account', 'tell balance', 'account balance', 'check savings', 'check balance', 'savings balance', 'check']","['what is the balance of my savings account', 'can you also give me the balance of my savings account', 'what is the balance of my savings account']",Savings Account Balance Inquiry,"The topic revolves around requesting and checking the balance of a savings account. The representative words highlight common terms and phrases associated with balance inquiries, such as 'check balance' and 'savings account'. The representative documents indicate typical questions or requests posed by individuals wanting to know their savings account balance.",neutral,3
19,104,19_forex_forex account_access forex_frustrated,"['forex', 'forex account', 'access forex', 'frustrated', 'ive trying', 'right ive', 'really frustrated', 'frustrated forex', 'trading', 'account ive']","[""Hi, I'm really frustrated right now! I've been trying to access my forex account for the past two days, and I keep getting error messages. What is going on?"", 'Hi, I’m really frustrated with your service. I’ve been trying to access my forex account for the past week, and it’s been a nightmare. I need to retrieve my account details urgently!', ""Hi, I'm really frustrated with my forex account. I've been having issues with unauthorized transactions, and I'm at my wit's end. I just want to block my forex account immediately.""]",Forex Account Access Issues and User Frustration,The topic revolves around users experiencing significant frustration due to problems accessing their forex accounts. It highlights repeated attempts to access these accounts without success and concerns about unauthorized transactions. The situation has led to a high level of dissatisfaction and urgency among users who are trying to resolve these issues promptly.,very negative,1
