﻿topic_num,topic_importance,num_of_docs_per_topic,term_importance,features,topic,trigger,explanation,sentiment
3,8013.0092796005265,7942,71.00927960052655,"hi, ve, really, bank, frustrated, really frustrated, right, just, frustrated right, hi alex",Customer Service Experience,I've been really frustrated with the bank's service and just want it resolved.,"The emphasis on the verb 'really' preceding 'frustrated' suggests a strong emotional response possibly due to inadequate or unsatisfactory customer service, making 'Customer Service Experience' the most likely topic.",negative
11,7263.652047982092,7230,33.65204798209214,"number, sure, account number, account, 123456789, number 123456789, sure account, just, make, want",Account Verification,I want to make sure my account number 123456789 is correct.,"The presence of action verbs such as 'want' and 'make' combined with terms like 'sure', 'account', and a specific 'account number' suggests a concern about verifying or confirming account information.",neutral
0,6997.484693137969,6948,49.484693137969295,"card, credit, credit card, activate card, activate, pin, physical, physical card, need, card pin",Card Activation and PIN Setup,I need to activate my new credit card and set up the PIN for it.,The customer is likely dealing with the process of activating a new physical credit card and needs to establish a PIN for secure usage. The emphasis on 'activate' as the primary action verb highlights the main task the customer wants to accomplish.,neutral
9,6302.050841411189,6258,44.050841411188806,"thank, help, thanks, alex, appreciate, ll, great, thank help, day, sounds",Customer Satisfaction,I want to express thanks for the help I've received.,"The presence of words like 'thank', 'help', and 'appreciate' suggests that the customer had a positive experience and is expressing gratitude, indicating a topic related to customer satisfaction and effective service.",positive
12,5765.356806298076,5739,26.356806298075902,"app, card app, mobile, mobile app, use app, phone, currencies, did, make, payment app",Mobile Banking App Usage,I was trying to make a payment using the app on my phone.,"The presence of multiple verbs like 'use', 'did', and 'make', along with terms such as 'app', 'mobile', and 'payment', suggests the topic is about using a mobile banking app. The priority of verbs indicates a customer attempting to use the mobile app for making payments, possibly encountering an issue or seeking guidance.",neutral
1,5633.245011508415,5607,26.245011508414397,"money, transfer, account, money account, transfer money, transfer account, add, add money, deposit money, bank",Money Transfer Issue,"I attempted to transfer money to a different account, but it did not go through.","The presence of verbs such as 'transfer' and 'add' suggests that the customer is trying to move funds between accounts, highlighting potential challenges with a money transfer.",negative
8,4954.468351970409,4932,22.468351970408126,"atm, cash, cash atm, withdraw, withdrawal, didnt, money atm, money, pending, card atm",ATM Withdrawal Issue,I tried to withdraw money from the ATM but it didn't dispense the cash.,"The presence of verbs such as 'withdraw' followed by 'didn't' indicates a potential issue with attempting a cash withdrawal from an ATM. The words 'cash,' 'money,' and 'pending' suggest concerns about the transaction not being completed as expected.",negative
17,4703.636259081771,4690,13.636259081771033,"balance, account balance, check, check balance, balance savings, balance checking, tell, account, tell balance, current",Checking Account Balance,I want to check my current account balance.,"The presence of verbs such as 'check' and 'tell' in combination with terms like 'balance,' 'current,' and 'account' suggests the customer is interested in verifying the amount of money available in their account. Checking one's account balance is a common action performed by customers who want to be informed about their financial status.",neutral
4,4690.775992854743,4680,10.775992854743365,"virtual, virtual card, disposable, disposable virtual, card, work, card work, order, order virtual, disposable card",Disposable Virtual Card Service Issues,I'm having trouble using my disposable virtual card for online purchases.,"The emphasis on the verb 'work' followed by 'card work' suggests that the customer is concerned about the functionality of their disposable virtual card. This issue might arise during transactions, prompting them to reach out for assistance.",negative
10,4641.431981717373,4623,18.43198171737279,"new, new card, card, order, activate, link new, link, order new, activate new, china",Credit Card Activation,I need to activate my new card that I ordered.,"The customer likely ordered a new card and needs to activate it, which is common after receiving a replacement or new credit card. The emphasis on 'order' and 'activate' suggests this process, and linking the new card also indicates setting it up for use.",neutral
6,4626.954160980164,4614,12.95416098016379,"savings, savings account, account, balance savings, send, check savings, like, use savings, tell balance, transfer",Account Balance Inquiry and Transfers,I sent a transfer and want to check my savings account balance.,The verbs 'send' and 'check' suggest actions related to money transfers and checking balances. The focus is on ensuring the customer's transfer was successful and their savings account balance is updated accordingly.,neutral
19,4560.824521681714,4546,14.824521681713822,"deposit, cash, cash deposit, deposit account, fixed deposit, fixed, deposit money, account, showing, cash account",Deposit Issues,"I tried to deposit money in my cash account, but it's not showing up.",The emphasis on the verbs 'deposit' and 'showing' suggests that the customer is experiencing a problem with depositing money into their account and the transaction not being reflected or acknowledged in their account statement or balance.,negative
7,4557.075508587526,4541,16.075508587526038,"payment, card payment, pending, declined, payment declined, cancelled, card, reverted, payment cancelled, payment reverted",Payment Issues,My card payment was declined and then cancelled.,"The presence of repeatedly used verbs like 'declined,' 'cancelled,' and 'reverted' in relation to 'payment' and 'card payment' suggests a scenario where a customer is experiencing issues with a transaction, likely due to a decline or cancellation that needs resolution.",negative
16,4494.939100593391,4477,17.93910059339103,"currency, currency exchange, exchange, foreign, foreign currency, exchange currency, change, salary, need, different currency",Currency Exchange for Salary,I need to exchange my salary into a different foreign currency.,"The trigger stems from the need to handle salary in different foreign currencies, highlighting the action 'need' and 'exchange' as critical to the operational aspect of currency exchange services concerning salary management.",neutral
5,4294.344393327169,4283,11.344393327169184,"checking account, checking, account, balance checking, use checking, check checking, send, want, check balance, dollars",Balance Inquiry,I want to check my checking account balance.,"The verbs 'want' and 'check' suggest a desire to perform an action, specifically, checking the balance of a checking account. The frequent mention of 'checking account' and related terms indicates the topic is about balance inquiry in banking.",neutral
18,4077.0409771694012,4066,11.040977169401172,"exchange rates, exchange, rates, currencies, exchange currencies, know, like, know exchange, calculated, tell exchange",Currency Exchange Information,I would like to know how exchange rates for different currencies are calculated.,"The presence of verbs like 'know', 'exchange', and 'calculated' indicates a customer inquiry about understanding the process behind the calculation of exchange rates for different currencies.",neutral
14,3916.6662957072162,3901,15.666295707216143,"use, use card, atms, use account, use app, atms use, able use, card, able, identity",Accessing Banking Services,I cannot use my card at ATMs to access my account.,The emphasis on 'use' in relation to 'card' and 'ATMs' suggests that customers are experiencing difficulties accessing their accounts through their cards at ATMs. The inclusion of 'able' and 'identity' hints at potential issues with account authorization or verification that prevent successful transactions.,negative
15,3851.5868212509226,3830,21.586821250922753,"fee, charged, using, extra, using card, charged fee, charged extra, extra fee, fee using, charge",Unexpected Extra Charges,I noticed an extra fee was charged when using my card.,"The list contains multiple verbs focusing on 'charged' and 'using', suggesting a concern about unexpected fees incurred during card transactions. This implies that the customer is surprised or dissatisfied about an additional fee that was not anticipated or understood when using their card.",negative
13,3830.0034794241396,3817,13.003479424139742,"debit, direct, direct debit, debit payment, didnt, dont, set, debit card, debit transaction, transaction",Direct Debit Issues,I didn't want the direct debit to process but it still went through.,"The emphasis on 'didn't' indicates a problem with an unwanted or incorrect direct debit payment. The customer likely experienced an issue where a direct debit transaction they thought wasn't set to happen did happen, causing concern.",negative
2,3327.085512264969,3311,16.08551226496901,"rate, exchange rate, exchange, wrong, rate wrong, incorrect, bought, cash, applied, rate applied",Exchange Rate Discrepancy,I believe the exchange rate applied to my recent transaction was incorrect.,The customer is concerned about receiving a lower value in return for a foreign currency exchange transaction because the rates applied seemed to be wrong or not as expected.,negative
