﻿Topic,Count,Name,Representation,Representative_Docs,topic,explanation,sentiment
0,460,0_thats_thank_alright_thanks,"['thats', 'thank', 'alright', 'thanks', 'ill', 'appreciate', 'thank help', 'yes', 'happen', 'doesnt happen']","['Alright. Let’s hope this doesn’t happen again. Thanks for your help.', ""No, that's it for now. I just hope this gets resolved soon. Thanks."", 'No, that’s all. Just make sure this gets sorted out quickly and that this won’t happen again. Thank you.']",Issue Resolution Confirmation and Gratitude,"The representative words and documents revolve around the theme of resolving an issue or problem. The key focus is on ensuring that the problem does not occur again, while also acknowledging and expressing gratitude for the assistance provided in addressing the issue. This suggests a scenario where a problem is being sorted, and the individuals involved are hopeful for a positive outcome, while also showing appreciation for the help received.",neutral
1,423,1_bank_current account_current_account bank,"['bank', 'current account', 'current', 'account bank', 'banking', 'service', 'experience', 'considering', 'banks', 'alex']","[""Hi Sarah. I'm considering transferring my current account to your bank, and I wanted to get some details about the process. Can you guide me through it?"", 'Good morning, Emily! I’m interested in opening a current account with your bank, and I’ve heard a lot of great things about your services. Could you please provide me with some information about the different current account options you offer?', 'Hi, Sarah! This is John. I hope you’re doing well. I just wanted to say how pleased I am with the excellent service I’ve been receiving from your bank. It’s been fantastic. I’m calling because I’m considering transferring my current account to your bank and would love some guidance on how to proceed.']",Current Account Services and Transfer Experience,"The topic centers on the experiences and considerations of customers interacting with a bank regarding their current account services. It highlights customer inquiries about transferring and opening current accounts, reflects on positive experiences with the bank's services, and aims to gather more information about account options and the process involved in transferring or opening accounts. Keywords like 'bank', 'current account', 'service', and 'considering' emphasize the focus on both the procedural aspects and customer service experience of managing current accounts with the bank.",positive
2,380,2_savings_savings account_account savings_opening savings,"['savings', 'savings account', 'account savings', 'opening savings', 'account bank', 'savings accounts', 'opening', 'account', 'bank', 'im']","['savings account', 'what about my savings account', 'my savings account please']",Bank Savings Accounts,"The topic revolves around bank savings accounts, focusing on aspects such as opening, managing, and discussing savings accounts. The representative words and documents suggest a primary interest in financial savings facilities provided by banks and likely involve customer interactions and account management tasks.",neutral
3,189,3_debit card_debit_new debit_received new,"['debit card', 'debit', 'new debit', 'received new', 'received', 'hi', 'recently', 'hope youre', 'recently received', 'youre']","['Hi, I recently received a new debit card from your bank, and I would like to know how to activate it.', ""Hi Alex! I hope you're having a great day. I recently received my new debit card, and I'd like some help to activate it."", 'can i top off with a debit card']",Debit Card Activation and Usage,"The representative words and documents center around receiving and activating a new debit card. There is a focus on recent receipt of the card, expressing a need for procedural information on activation, and the potential usage of the card in transactions. The words 'hi' and 'hope youre' suggest communication, possibly customer service interactions related to debit card inquiries.",neutral
4,160,4_credit card_credit_new credit_card bank,"['credit card', 'credit', 'new credit', 'card bank', 'hi', 'hi alex', 'im calling', 'received', 'youre having', 'hope youre']","['Hello, I’m interested in applying for a new credit card with your bank, and I was hoping to get some information on the options available.', ""Hello, I'm considering opening a new credit card with your bank and wanted to get some more information about the options available. Could you help me with that?"", 'i cannot find my credit card']",New Credit Card Inquiry,"This topic focuses on individuals seeking information or assistance regarding the application and options for new credit cards with a bank. Representative words like 'credit card', 'new credit', and phrases from the documents suggest a common interest in exploring credit card options, potentially for financial management purposes.",neutral
5,156,5_atms_atm_near_nearby,"['atms', 'atm', 'near', 'nearby', 'area', 'street', 'atm services', 'main street', 'wanted', 'location']","[""I'm near downtown on Main Street. I'm looking for the closest ATM to this area."", 'where can i find an atm', 'where is an atm']",Locating Nearby ATMs,"The words and documents focus on finding ATMs in specific locations, with emphasis on proximity, streets, and areas. This suggests individuals are seeking information on how to locate ATMs close to their current or intended locations for access to banking services.",neutral
6,150,6_new card_card soon_arrives_card yes,"['new card', 'card soon', 'arrives', 'card yes', 'card arrives', 'new', 'yes', 'card', 'security', 'need card']","['Yes, please do that. I need access to my funds now. Make sure the new card arrives this time.', ""I appreciate you addressing it, but this shouldn't have happened in the first place. I hope the new card arrives on time. Thanks for your help, Alex."", ""Thank you! You've been really helpful. Looking forward to using my new card soon. Have a wonderful day ahead!""]",Credit Card Delivery and Urgency,"The topic revolves around the timely delivery and receipt of a new credit card. The urgency is emphasized by the need for immediate access to funds, indicating a customer service scenario where promptness and reliability are crucial. The communications express a need for reassurance that the new card will arrive without issues, highlighting the importance of security and efficiency in handling credit card requests.",positive
7,150,7_account number_number_123456789_sure account,"['account number', 'number', '123456789', 'sure account', 'number 123456789', '12345678', 'number 12345678', 'sure', 'heres account', 'thing account']","['Sure, my account number is 123456789.', 'Sure, my account number is 123456789.', 'Sure, the account number is 123456789.']",Account Number Disclosure,"The representative words and documents indicate a discussion focused on sharing or confirming an account number. The recurring mention of numerical sequences combined with phrases like 'sure' and 'here's' suggests a scenario where individuals are communicating details of an account number, possibly for identification or verification purposes.",neutral
8,147,8_fixed deposit_fixed_deposit_deposit bank,"['fixed deposit', 'fixed', 'deposit', 'deposit bank', 'deposit account', 'opening fixed', 'opened fixed', 'fixed deposits', 'deposits', 'opening']","[""Hi there! I hope you're doing well. I'm interested in opening a fixed deposit account with your bank and was hoping you could guide me through the process."", ""Hello! I'm interested in opening a fixed deposit account with your bank and wanted to get some details about it. Could you help me with that?"", ""Good morning, Sarah! I'm interested in opening a fixed deposit account with your bank. I've heard great things about your competitive interest rates.""]",Interest in Opening Fixed Deposit Accounts with Competitive Rates,"The representative words and documents highlight a recurring theme of individuals expressing interest in initiating fixed deposit accounts with a bank. The focus appears to be on the process of opening such accounts and the potential benefits of competitive interest rates offered by the bank. The terms like 'fixed deposit', 'opening', and mentions of 'competitive interest rates' underscore the customers' intention and motivation to pursue fixed deposit options with favorable terms.",positive
9,147,9_current account_current_reset_opening account,"['current account', 'current', 'reset', 'opening account', 'accounts', 'locked', 'just want', 'account', 'settings', 'sounds']","[""Hi, I've been getting really frustrated with my current account lately. I've looked on your website, but it's like wading through a maze. I'm trying to find some information on the current accounts you offer, but it's so complicated."", 'I’m quite impressed with the benefits you mentioned for the Premier Current Account. The travel insurance and higher transaction limits sound just like what I need. Could you tell me more about the eligibility requirements and how I can go about opening this account?', 'Perfect, that sounds exactly like what I need. How do I go about opening an account, and is there anything specific I need to prepare beforehand?']",Bank Account Management and Services,"This topic focuses on the aspects of managing bank accounts and the services offered, such as current accounts, unlocking accounts, and setting up new accounts. It includes understanding account features like benefits, eligibility requirements, and the process for opening an account. Customer experiences and needs regarding these services are highlighted in the context of finding information and account setup.",neutral
10,137,10_exchange rates_rates_exchange_exchange rate,"['exchange rates', 'rates', 'exchange', 'exchange rate', 'rates exchange', 'rate', 'rate exchange', 'know exchange', 'calculated', 'current exchange']","['what are exchange rates', 'where do you get those exchange rates', 'where can i get your exchange rates from']",Exchange Rates Information,"The topic revolves around understanding and obtaining information about exchange rates, which are the rates at which one currency can be exchanged for another. The representative words focus on various aspects of exchange rates, such as their calculation, current status, and sources for obtaining this information. The representative documents provide context on where one can inquire about or access these exchange rates, indicating a need for clarity and resource identification in dealing with currency conversion.",neutral
11,129,11_direct debit_direct_debit_debit payment,"['direct debit', 'direct', 'debit', 'debit payment', 'debit transaction', 'debit account', 'dispute', 'dispute direct', 'set direct', 'debit didnt']","['please show me to my direct debit', 'show me my direct debit', 'what were my last five direct debit']",Direct Debit Management,"This topic encompasses the management and tracking of direct debit transactions. It includes actions such as setting up, disputing, and tracking payments made through direct debits. The representative documents suggest that users are often interested in reviewing existing direct debits, possibly checking for recent transactions or ensuring their accounts are correctly debited. Keywords also indicate a need to resolve issues related to missed or incorrect debits.",neutral
12,120,12_loan_loan bank_loan application_current loan,"['loan', 'loan bank', 'loan application', 'current loan', 'applied loan', 'application', 'loan im', 'loan account', 'hi', 'frustrated']","[""Hi Alex, I'm really frustrated with your services concerning my loan. I received a loan approval last month, but the terms have completely changed and are not what I agreed to. I want to block this loan immediately."", ""Hi Lisa! I hope you're doing well. I'm feeling pretty excited because I just got approval for a loan from your bank, but I've realized that I no longer need it. I wanted to know how I can withdraw my loan application. Can you guide me through the process?"", ""Good morning! I'm thrilled to be speaking with you. I've been considering applying for a loan with your bank. I've heard great things about your loan products, and I feel confident that this is the right step for me. Could you guide me through the application process?""]",Loan Application and Management Issues,"The representative words and documents highlight various aspects related to loans, such as application, approval, management, and customer satisfaction. The documents reflect customer experiences and scenarios in which potential borrowers either want to withdraw their applications, need guidance on applying, or face dissatisfaction with loan terms. This indicates a focus on the processes and challenges associated with applying for and managing loans while emphasizing customer service interaction.",very negative
13,113,13_online banking_banking_online_banking features,"['online banking', 'banking', 'online', 'banking features', 'banking website', 'website', 'banking portal', 'portal', 'account online', 'use online']","["": Hi Alex, I’m really frustrated with your online banking website. It’s been a mess every time I try to use it. I'm thinking of canceling my online banking with you."", 'I’d prefer to use the online banking platform. Could you guide me through the process?', 'I’d like to do it through the online banking portal. Could you walk me through the steps?']",Online Banking Experience,"The topic revolves around the challenges and preferences associated with using online banking services. It highlights users' frustrations with the current state of online banking websites and portals, as well as their desire for guidance in navigating these digital platforms effectively. Key issues include usability, customer satisfaction, and the need for a streamlined, user-friendly experience when managing accounts online.",very negative
14,106,14_balance savings_balance_savings account_savings,"['balance savings', 'balance', 'savings account', 'savings', 'tell balance', 'check savings', 'account balance', 'check balance', 'savings balance', 'check']","['can you also give me the balance of my savings account', 'what is the balance of my savings account', 'and the balance in my savings account']",Savings Account Balance Inquiry,"This topic encompasses the actions and inquiries related to checking or determining the balance in a savings account. It includes phrases and actions such as requesting balance information, checking account status, and verifying the amount currently held in a savings account.",neutral
15,106,15_forex_forex account_opening forex_account bank,"['forex', 'forex account', 'opening forex', 'account bank', 'opening', 'trading', 'bank', 'forex trading', 'great things', 'interested opening']","[""Hi Sarah! I hope you're doing well. I'm interested in learning more about opening a forex account with your bank. I’ve heard great things and I’m excited to get started."", ""Hi! I hope you're having a great day. I'm calling because I'm interested in opening a forex account with your bank. I've heard so many good things about your services and I'm excited to get started."", ""Hi Lisa! I'm interested in opening a forex account with your bank. I've heard great things about your services and I'm excited to get started.""]",Opening Forex Accounts at a Bank,"The representative words and documents center around the interest and process of opening a forex trading account at a bank. Customers express enthusiasm and positive expectations about the bank's services for forex trading, indicating a demand for information and support in initiating a forex account. The emphasis is on the reputation of the bank and the anticipation of starting forex trading.",positive
16,99,16_forex account_forex_access forex_frustrated,"['forex account', 'forex', 'access forex', 'frustrated', 'ive trying', 'really frustrated', 'right ive', 'frustrated forex', 'account ive', 'hi']","[""Hi, I'm really frustrated right now! I've been trying to access my forex account for the past two days, and I keep getting error messages. What is going on?"", 'Hi, I’m really frustrated with your service. I’ve been trying to access my forex account for the past week, and it’s been a nightmare. I need to retrieve my account details urgently!', ""Hi, I'm really frustrated with my forex account. I've been having issues with unauthorized transactions, and I'm at my wit's end. I just want to block my forex account immediately.""]",Forex Account Access Issues,This topic addresses the frustration users are experiencing while trying to access their forex accounts. The issues mentioned include being unable to access accounts due to persistent error messages and handling unauthorized transactions. Users express urgency in resolving these problems to retrieve account details or block accounts.,very negative
17,97,17_banks website_website_banks_frustrated banks,"['banks website', 'website', 'banks', 'frustrated banks', 'slow', 'legitimate', 'url', 'access banks', 'site', 'website im']","[""Hello, I'm hoping you can help me. I've come across a new website that claims to be affiliated with your bank, and I want to make sure it's legitimate before I proceed further."", ""Hi, I'm really frustrated with your bank's website. It's so slow and unresponsive lately. I just can't get anything done. I'm considering switching banks if this doesn't improve soon."", ""Hi, I'm having a lot of trouble accessing your bank's website. It's really frustrating because I need to check my account balance urgently. Is there something wrong with the site?""]",Issues with Bank Websites,"The topic revolves around concerns and frustrations related to bank websites. Customers are questioning the legitimacy of certain sites, experiencing slow performance, and facing difficulties accessing their accounts, which impacts their ability to manage financial tasks effectively.",very negative
18,94,18_card app_app card_app_add card,"['card app', 'app card', 'app', 'add card', 'app add', 'app received', 'received app', 'card phone', 'add', 'app make']","['found card how to put it back in app', 'how do i get my card into the app', 'i found my card how can i put it into my app']",Card Integration with Mobile App,"This topic focuses on the process of integrating or adding a card into a mobile application. The representative words highlight actions related to an app and card management, indicating common user tasks such as adding and receiving cards. The representative documents suggest user queries about how to add or move a card back into an app, emphasizing assistance with integrating cards into mobile platforms.",neutral
19,87,19_card atm_atm_atm ate_ate,"['card atm', 'atm', 'atm ate', 'ate', 'atm card', 'ate card', 'atm atm', 'atm machine', 'swallowed', 'atm took']","['i cant get my card out of the atm what should i do now', 'i cant get my card out of the atm', 'how do i get my card out of the atm']",ATM Card Retrieval Issues,"The representative words and documents indicate a common problem where users are unable to retrieve their card from an ATM. This includes situations where the ATM has either 'swallowed' the card or the user is uncertain on how to proceed after an issue has occurred. The topic focuses on addressing problems related to card retrieval from ATMs, likely requiring customer guidance and support.",negative
