topic_num,topic_importance,num_of_docs_per_topic,term_importance,features,topic,trigger,explanation,sentiment
11,8778.383099154173,8738,40.383099154173095,"number, sure, account number, 123456789, number 123456789, account, sure account, just, make, make sure",Ensuring Account Security,make,"The strong emphasis on the verbs 'make' and 'make sure' indicates an action-oriented approach towards confirming or verifying account details. This suggests a focus on measures for securing an account, such as ensuring the accuracy and privacy of an account number to protect it from unauthorized access or transactions.",positive
1,8438.41758063759,8416,22.417580637590554,"card, credit, credit card, activate card, using card, using, physical, physical card, pin, activate",Credit Card Activation,Customers activating new credit cards,The focus on 'activate card' and related verbs like 'using' suggests that the topic revolves around the initial use and activation of physical credit cards by customers. This is likely triggered by the issuance of new credit cards requiring activation and setting up by customers before they can be used for transactions.,positive
18,8430.757117964953,8386,44.75711796495362,"help, thank, thanks, ll, appreciate, alex, thank help, sounds, thanks help, day",Customer Support Appreciation,Thanking Help,"The words 'thank', 'thanks', and 'appreciate' are focused around expressing gratitude, and combined with 'help', it indicates customers are acknowledging the assistance received. This suggests an interaction where customers are grateful for the support provided by a bank representative, likely triggered by effective resolution of their issues.",positive
9,8406.854512465425,8344,62.8545124654249,"frustrated, really, really frustrated, right, frustrated right, hi, ve, trying, just, hi really",Customer Service Challenges in Online Banking,Customers have been trying to perform transactions online but face issues leading to frustration.,"The word 'trying' indicates that customers are attempting to accomplish something, in this case likely related to online banking. Coupled with 'frustrated', it suggests problems in customer interactions or technical barriers that are unresolved, prompting customer dissatisfaction.",neutral
0,8134.452788594575,8061,73.45278859457511,"account, transfer, transfer account, delete, delete account, need, open, open account, bank, bank transfer",Account Management Issues,Delete Account,"The list of words suggests issues pertaining to management and maintenance of bank accounts. The verb 'delete' appears prominently early in the list, highlighting potential customer concerns or processes related to the deletion of bank accounts. Other verbs such as 'open' and 'transfer' also refer to important account-related actions, but the early emphasis on 'delete' suggests that recent incidents or policies might have triggered discussions or actions related to closing or deleting bank accounts.",positive
14,7692.998616425188,7640,52.998616425187315,"hi, great, bank, ve, hope, day, heard, great day, wanted, hi alex",Customer Outreach,Bank reached out to customers with positive engagements.,"The list includes verbs 'heard' and 'wanted', suggesting actions of listening to feedback or initiating conversations. The repetition of positive words like 'great' and 'hope', alongside greetings such as 'hi' and 'hi alex', implies a customer service scenario where representatives are reaching out to customers with hopeful and positive messaging.",very positive
13,7651.844080811087,7623,28.844080811087238,"app, mobile, mobile app, card app, using, phone, currencies, use app, did, payment app",Mobile Banking and Payments,Increased use of mobile applications for financial transactions.,"The list highlights the growing trend of consumers using mobile apps for banking and payments. The emphasis on verbs like 'using' and 'use app' suggests a shift in consumer behavior towards mobile platforms. The mention of 'currencies' and 'payment app' further indicates the focus on financial transactions being conducted via mobile devices, possibly due to advancements in mobile technology and the convenience it offers.",positive
17,6350.935129311549,6332,18.935129311548632,"deposit, fixed, fixed deposit, cash deposit, cash, deposit account, deposit money, like, opening fixed, deposit bank",Bank Account Openings,Increasing Interest in Fixed Deposit Accounts,"The list of words is heavily focused on actions related to depositing money and opening fixed deposit accounts, suggesting a trend or interest in individuals or businesses securing funds in fixed deposit schemes. This could be triggered by an increase in interest rates, prompting depositors to find safe and potentially profitable saving methods.",positive
6,6247.718334009934,6234,13.71833400993349,"savings, savings account, account, balance savings, send, check savings, tell, use savings, like, tell balance",Savings Account Management,send,"The presence of verbs like 'send' and 'tell' suggest an interaction or action involving the management of savings accounts. Specifically, 'send' indicates the initiation of a transaction or directive related to savings. This could be triggered by a customer or bank staff interaction where funds are being transferred from a savings account, regular updates or notifications about account balances are being communicated, or the use of funds designated for specific purposes.",positive
3,5937.257805729941,5918,19.25780572994074,"exchange, rate, exchange rate, wrong, exchange rates, currency, rates, rate wrong, foreign, currencies",Exchange Rate Miscalculation,rate wrong,"The phrase 'rate wrong' suggests an error or miscalculation in exchange rates, potentially due to improperly updated data or incorrect computational processes affecting currency conversions.",neutral
12,5908.43607621696,5889,19.43607621695959,"new card, new, card, activate, order, link new, link, order new, activate new, need",Credit Card Activation,Customers need to activate new credit cards.,"The presence of action verbs like 'activate' and 'order', combined with nouns such as 'new card', suggests a focus on the process of activating newly issued credit cards for customers who may have recently ordered them.",positive
5,5659.989410621882,5648,11.989410621881243,"virtual, virtual card, disposable, disposable virtual, card, work, card work, order, order virtual, disposable card",Rise of Virtual and Disposable Card Services,Increased demand for secure and flexible payment methods amid digital transformation.,"The emphasis on 'order' and 'work' suggests an active movement towards implementing and expanding virtual and disposable card services. This trend is likely driven by the growing need for secure, flexible payment solutions in the digital economy, as consumers and businesses seek methods that provide enhanced security and privacy features.",very negative
10,5650.363938502916,5626,24.36393850291657,"atm, cash, cash atm, withdrawal, withdraw, didnt, charged, cash withdrawal, did, got",ATM Cash Withdrawal Issues,Multiple customers reported that they didn't get charged appropriately for cash withdrawals from ATMs.,"The emphasis on verbs 'withdrawal', 'withdraw', and 'didnt' suggests a scenario where users attempted to withdraw cash from ATMs but faced issues, potentially related to incorrect charges or failed transactions. This indicates a likely operational issue or malfunction in the ATM services impacting customer transactions.",neutral
4,5510.3853599193135,5494,16.3853599193133,"checking account, checking, account, balance checking, check checking, send, use checking, want, check balance, dollars",Checking Account Services,Customers send requests to check their account balances.,"The word list predominantly features actions related to checking accounts, such as 'check' and 'send,' indicating customer actions and needs in relation to managing and using their checking accounts. This is likely driven by customers' desire to ensure they have adequate funds ('dollars') and are keeping track of their account transactions and balances.",positive
19,5499.34541887683,5487,12.345418876830097,"balance, account balance, check, check balance, balance savings, balance checking, account, tell, check account, tell balance",Account Balance Inquiry,Increased customer inquiries about account balances,"The emphasis on verbs such as 'check', 'tell', and the repetition of balance-related terms suggests a situation where customers are frequently inquiring about or verifying their account balances, possibly due to increased financial uncertainty or changes in account services prompting the need for more frequent balance checks.",positive
8,5368.884514676938,5348,20.884514676937965,"payment, card payment, pending, declined, cancelled, payment declined, reverted, card, payment reverted, payment cancelled",Payment Processing Issues,card payment,"The occurrence of multiple terms like 'pending', 'declined', 'cancelled', 'reverted', and 'payment declined' strongly indicates issues around card payments. These verbs suggest a sequence of actions where transactions are failing to complete successfully, highlighting a potential problem in the payment processing system.",positive
7,4826.187442407211,4808,18.187442407211453,"money, money account, transfer money, add, add money, deposit money, transfer, account, money atm, currency",Money Transfer and Account Management,Recent updates or issues in online banking services,"The emphasis on 'transfer money' suggests a focus on the process of moving funds between accounts, which could be triggered by developments in online banking platforms or security concerns. Additional mentions of 'add money' and 'deposit money' indicate a broader discussion around managing and accessing accounts effectively.",positive
16,4824.583194695626,4810,14.583194695625778,"use, use card, use account, atms, use app, atms use, currency, card, able use, able",Increased Digital Banking Engagement,Rising use of banking apps and cards for transactions,"The frequent mention of verbs 'use' related to accounts, cards, and apps suggests a shift towards digital banking tools. This increased usage is likely driven by the convenience and accessibility of mobile and online banking services, prompting more users to manage their finances digitally and reducing dependence on physical bank visits.",neutral
2,4611.8115365551685,4586,25.811536555168328,"assist today, assist, today, thank calling, calling, thank, bank, alex assist, calling bank, hello thank",Customer Service in Banking,The need to assist customers,"The presence of multiple instances of the word 'assist', alongside terms like 'calling' and 'thank', suggests a focus on customer service. The interactions such as 'calling bank' and 'hello thank' indicate the initiation and appreciation of customer service activities today.",positive
15,4603.434215347802,4590,13.434215347801935,"debit, direct, direct debit, debit payment, didnt, debit card, dont, debit transaction, transaction, recognize",Unauthorized Debit Transactions,didnt recognize,"Customers may be encountering issues where they don't recognize debit transactions, possibly due to unauthorized direct debits from their accounts or unrecognized debit card payments.",neutral
