﻿Topic,Count,Name,Representation,Representative_Docs,topic,explanation
0,559,0_thank_thats_thanks_ill,"['thank', 'thats', 'thanks', 'ill', 'alright', 'thank help', 'appreciate', 'yes', 'sounds', 'thanks help']","[""No, that's all. Thank you for your help."", 'No, that should be all for now. Thank you for your help!', ""No, that's all for now. Thank you for your help.""]",Gratitude and Confirmation,"The representative words and documents center around expressions of gratitude and acknowledgment upon completion of a task or conversation. Phrases such as 'thank you', 'thanks for your help', and affirmations like 'that's all' suggest a context of concluding an interaction with appreciation and confirmation that no further assistance is required."
1,410,1_bank_current account_current_account bank,"['bank', 'current account', 'current', 'account bank', 'banking', 'service', 'experience', 'considering', 'alex', 'services']","[""That's perfect, Alex. Thank you so much for your help, and it's always a pleasure dealing with your bank. Have a great day!"", 'Hi, Sarah! This is John. I hope you’re doing well. I just wanted to say how pleased I am with the excellent service I’ve been receiving from your bank. It’s been fantastic. I’m calling because I’m considering transferring my current account to your bank and would love some guidance on how to proceed.', 'Good morning, Emily! I’m interested in opening a current account with your bank, and I’ve heard a lot of great things about your services. Could you please provide me with some information about the different current account options you offer?']",Customer Satisfaction and Account Services in Banking,"The representative words and documents highlight customer interactions and satisfaction with banking services, particularly emphasizing the transfer and opening of current accounts. Customers express positive experiences and a desire for information and guidance on banking options, underlining the importance of quality service and banking products tailored to customer needs."
2,264,2_alex_thank alex_help alex_thanks alex,"['alex', 'thank alex', 'help alex', 'thanks alex', 'thanks', 'thank', 'alex thank', 'day', 'thats', 'alex thats']","['No, that’s all for now. Thank you, Alex.', 'Thank you, Alex! You too!', 'Thank you, Alex. I’ll do that. I appreciate your help.']",Expressing Gratitude and Acknowledgment to Alex,"The representative words and documents suggest a recurring theme of expressing gratitude towards an individual named Alex. The frequent use of phrases such as 'thank you', 'thanks', and 'appreciate your help' indicates that Alex is often acknowledged for their assistance and support. The documents reflect common conversational closures where gratitude is expressed, highlighting Alex's role in providing valuable help to others."
3,187,3_debit card_debit_new debit_received new,"['debit card', 'debit', 'new debit', 'received new', 'hi', 'received', 'hope youre', 'recently', 'youre', 'recently received']","['Hi, I recently received a new debit card from your bank, and I would like to know how to activate it.', 'can i top off with a debit card', ""Hi Alex! I hope you're having a great day. I recently received my new debit card, and I'd like some help to activate it.""]",Activating New Debit Card,"The representative words and documents focus on the receipt and activation process of a new debit card. They highlight a common customer inquiry about how to activate a new card, suggesting a theme around handling new debit card activations and addressing related customer service questions."
4,162,4_fixed deposit_fixed_deposit_deposit bank,"['fixed deposit', 'fixed', 'deposit', 'deposit bank', 'deposit account', 'opening fixed', 'opened fixed', 'opening', 'good morning', 'bank']","['Hi, I’m interested in opening a fixed deposit account with your bank. Can you guide me through the process?', ""Hello! I'm interested in opening a fixed deposit account with your bank and wanted to get some details about it. Could you help me with that?"", ""Hi there! I hope you're doing well. I'm interested in opening a fixed deposit account with your bank and was hoping you could guide me through the process.""]",Opening a Fixed Deposit Account,"The representative words focus on terms related to fixed deposit accounts such as 'fixed deposit', 'deposit bank', and 'deposit account'. The representative documents all express an interest in opening a fixed deposit account and seeking guidance on the process. Together, these elements point to a theme centered around customers looking to initiate a fixed deposit account with a bank and seeking more information about it."
5,158,5_atms_atm_near_nearby,"['atms', 'atm', 'near', 'nearby', 'atm services', 'area', 'street', 'wanted', 'location', 'closest atm']","[""I'm near downtown on Main Street. I'm looking for the closest ATM to this area."", 'where is an atm', 'where can i find an atm']",Finding the Nearest ATM Location,"This topic revolves around locating the nearest ATM services based on the user's current location or specific areas of interest. It highlights the need for convenience in accessing financial services, especially in urban settings where street names and areas are commonly referenced."
6,149,6_account number_123456789_number_number 123456789,"['account number', '123456789', 'number', 'number 123456789', 'sure account', '12345678', 'number 12345678', 'sure', 'heres account', 'thing account']","['Sure, the account number is 123456789.', 'Sure, my account number is 123456789.', 'Sure, my account number is 123456789.']",Account Number Confirmation,"The topic is centered around confirming or verifying an account number. The representative words indicate a focus on phrases used in confirming and sharing account numbers, such as 'account number', 'sure account', and variations of number sequences. The representative documents are consistent in their content, emphasizing the assurance and communication of an account number, likely in response to a verification request or a query about account information."
7,140,7_new card_arrives_card soon_card yes,"['new card', 'arrives', 'card soon', 'card yes', 'card arrives', 'new', 'yes', 'card', 'hope', 'using card']","['Thanks so much, Sarah! You’ve been really helpful. I appreciate the support, and I’m looking forward to using my new card. Have a great day!', ""Thank you! You've been really helpful. Looking forward to using my new card soon. Have a wonderful day ahead!"", ""I appreciate you addressing it, but this shouldn't have happened in the first place. I hope the new card arrives on time. Thanks for your help, Alex.""]",Customer Support and Card Replacement,"The representative words and documents indicate a recurring theme of customers expressing gratitude towards customer service for assistance with new or replacement card issues. There is an emphasis on the anticipation of receiving and using their new cards, and an acknowledgment of the helpfulness of service representatives in resolving these matters."
8,140,8_exchange rates_rates_exchange_exchange rate,"['exchange rates', 'rates', 'exchange', 'exchange rate', 'rates exchange', 'rate', 'know exchange', 'rate exchange', 'calculated', 'current exchange']","['what are the exchange rates', 'how do you get exchange rates', 'where do you get those exchange rates']",Exchange Rates Mechanisms,"This topic encompasses the understanding and determination of exchange rates, including how they are calculated, where such information can be obtained, and the dynamics involved in rate fluctuations. It explores the factors influencing currency exchange rates and their significance in global trade and finance."
9,135,9_mobile_mobile app_banks mobile_app,"['mobile', 'mobile app', 'banks mobile', 'app', 'banks', 'banking', 'banking app', 'mobile banking', 'say', 'app say']","[""Hi there! I recently downloaded your bank's mobile app, and I just wanted to say how impressed I am with its features and ease of use. It's fantastic! I had a couple of questions, though."", ""Hi there! I've been using the bank's mobile app for a while now, and I just wanted to say how impressed I am with its features."", ""Hi! I just wanted to say I recently downloaded your bank's mobile app, and it's amazing! It's so intuitive and easy to use. I'm interested in applying for a mobile app account. How do I go about doing that?""]",Mobile Banking Applications,"The representative words and documents highlight the concept of mobile banking applications. These applications are designed to provide banking services via mobile devices, offering features that enhance user experience due to their ease of use and intuitive design. Users express satisfaction and interest in further engagement with their bank's mobile app, indicating the significance of mobile solutions in the banking sector."
10,133,10_direct debit_direct_debit_debit payment,"['direct debit', 'direct', 'debit', 'debit payment', 'debit transaction', 'debit account', 'dispute', 'dispute direct', 'set direct', 'debit didnt']","['show me my direct debit', 'please show me to my direct debit', 'what were my last five direct debit']",Direct Debit Inquiry,"The representative words and documents indicate a focus on managing and reviewing direct debit transactions. This includes understanding past transactions, setting up new debits, and handling disputes related to debits. The topic centers on customer inquiries about their bank account's automated payments, with a specific interest in viewing and managing these transactions efficiently."
11,131,11_online banking_banking_online_banking account,"['online banking', 'banking', 'online', 'banking account', 'banking features', 'account online', 'banking website', 'website', 'portal', 'banking portal']","['I’d like to do it through the online banking portal. Could you walk me through the steps?', ""I think I'd like to activate it through my online banking account. That sounds convenient!"", 'I’d prefer to use the online banking platform. Could you guide me through the process?']",Online Banking Guidance,"The representative words and documents center around using and understanding online banking platforms. Users express a desire to navigate various online banking services, seeking guidance through the steps of utilizing banking portals, accounts, and features. The context suggests a focus on assisting customers in accessing and efficiently managing their banking needs online."
12,111,12_virtual card_virtual_card virtual_receive virtual,"['virtual card', 'virtual', 'card virtual', 'receive virtual', 'getting virtual', 'card havent', 'obtain virtual', 'received virtual', 'obtain', 'card receive']","['where can i have a virtual card', 'what is the virtual card and how can i get one', 'where is the virtual card']",Virtual Card Acquisition,"The topic encompasses the process and inquiry related to obtaining or receiving a virtual card. It includes understanding what a virtual card is and the steps required to acquire one, addressing common questions on how and where to obtain it."
13,98,13_forex_forex account_opening forex_account bank,"['forex', 'forex account', 'opening forex', 'account bank', 'trading', 'opening', 'forex trading', 'interested opening', 'forex accounts', 'bank']","[""Good morning, Sarah! I'm really excited about opening a Forex account with your bank. I've heard great things about it, and I'm eager to get started. Could you guide me on how to make a deposit for my Forex account?"", ""Hi Alex! I'm interested in opening a forex account with your bank, and I wanted to learn more about the process. I've heard great things about your services."", ""Hi Sarah! I hope you're doing well. I'm interested in learning more about opening a forex account with your bank. I’ve heard great things and I’m excited to get started.""]",Opening a Forex Account with a Bank,"The topic revolves around the process and excitement of opening a Forex trading account with a bank. The representative words reflect the primary focus on Forex trading, account setup, and the associated bank services. The representative documents highlight the interest and eagerness of potential clients looking to start Forex trading with the bank, seeking guidance on account opening and deposit procedures. This suggests that the topic is aimed at individuals interested in engaging with Forex markets and the associated banking services for trading purposes."
14,97,14_savings_savings account_opening savings_account bank,"['savings', 'savings account', 'opening savings', 'account bank', 'opening', 'bank', 'heard great', 'great things', 'bank ive', 'ive heard']","[""Hi, Alex! My name is Sarah and I'm interested in opening a savings account with your bank. I've heard great things about your services and wanted to learn more about the process and benefits."", ""Hello! I hope you're having a great day. I'm interested in opening a savings account with your bank and was hoping you could guide me through the process. I've heard great things about your services!"", 'Hello! I’m interested in opening a savings account with your bank, and I’ve heard great things about your services. Could you guide me through the process, please?']",Opening a Savings Account,"The representative words and documents indicate a strong interest in opening a savings account, suggesting potential customers seeking information and guidance from a bank. The mention of positive experiences and recommendations reflects good customer service and reliability, which are crucial in customer decision-making regarding financial services."
15,97,15_loan_loan bank_current loan_loan application,"['loan', 'loan bank', 'current loan', 'loan application', 'applied loan', 'loan options', 'application', 'loan account', 'hi', 'applying loan']","[""Good morning, Lisa! I'm considering opening a loan with BankTrust, and I've heard great things about your loan services. I'm hoping you can guide me through the process?"", ""Hi, Alex! I'm thinking about applying for a loan and wanted to get some information on the options available. I've heard great things about your bank's loan services."", ""Good morning! I'm thrilled to be speaking with you. I've been considering applying for a loan with your bank. I've heard great things about your loan products, and I feel confident that this is the right step for me. Could you guide me through the application process?""]",Loan Services and Application Guidance,"This topic centers around individuals expressing interest in applying for loans with a particular bank, highlighting the bank's reputable loan services. The discussions involve inquiries about the loan application process and the available loan options, revealing a focus on seeking guidance and information to make informed financial decisions."
16,96,16_banks website_website_banks_frustrated banks,"['banks website', 'website', 'banks', 'frustrated banks', 'legitimate', 'url', 'slow', 'access banks', 'website im', 'hi']","[""Hello, I'm hoping you can help me. I've come across a new website that claims to be affiliated with your bank, and I want to make sure it's legitimate before I proceed further."", ""Hi, I'm really frustrated with your bank's website. It's so slow and unresponsive lately. I just can't get anything done. I'm considering switching banks if this doesn't improve soon."", ""Hi, I'm having a lot of trouble accessing your bank's website. It's really frustrating because I need to check my account balance urgently. Is there something wrong with the site?""]",Bank Website Issues,"Customers are experiencing difficulties with accessing the bank's website, either due to concerns about legitimacy or technical performance issues such as slow loading times and unresponsiveness. These problems are causing frustration among users and impacting their ability to perform essential banking tasks."
17,94,17_forex_forex account_access forex_ive trying,"['forex', 'forex account', 'access forex', 'ive trying', 'frustrated', 'right ive', 'really frustrated', 'trading', 'frustrated right', 'youre doing']","[""Hi, I'm really frustrated right now! I've been trying to access my forex account for the past two days, and I keep getting error messages. What is going on?"", 'Hi, I’m really frustrated with your service. I’ve been trying to access my forex account for the past week, and it’s been a nightmare. I need to retrieve my account details urgently!', ""Hi, I'm really frustrated with my forex account. I've been having issues with unauthorized transactions, and I'm at my wit's end. I just want to block my forex account immediately.""]",Forex Account Access and Security Issues,"The representative words and documents indicate a prevalent issue among users related to accessing their forex accounts. Users express significant frustration due to repeated access failures and unauthorized transactions, causing an urgent need to retrieve account details or block accounts. This highlights the importance of reliable access and security features in forex account management. The focus should be on addressing login errors, enhancing security protocols, and providing efficient customer support to alleviate user dissatisfaction."
18,93,18_card app_app card_app_add card,"['card app', 'app card', 'app', 'add card', 'app add', 'app received', 'received app', 'card phone', 'add', 'app make']","['how do i get my card on the app', 'i found my card how can i put it into my app', 'how do i get my card into the app']",Adding and Managing Cards in Mobile App,"The representative words and documents suggest a focus on integrating physical or digital cards into a mobile application. Users appear to be interested in learning how to add their cards to the app and manage them through it. This topic likely covers the steps, features, and troubleshooting associated with importing card information into an application via a mobile device."
19,92,19_current account_opening account_current_opening,"['current account', 'opening account', 'current', 'opening', 'overview', 'accounts', 'sounds', 'information weeks', 'steps', 'sounds like']","["": Yes, that sounds pretty good. Could you walk me through the steps to get the account set up, and let me know if there's anything specific I need to prepare beforehand?"", ""Hi, I've been getting really frustrated with my current account lately. I've looked on your website, but it's like wading through a maze. I'm trying to find some information on the current accounts you offer, but it's so complicated."", 'Perfect, that sounds exactly like what I need. How do I go about opening an account, and is there anything specific I need to prepare beforehand?']",Bank Account Management and Setup,"This topic encompasses the processes and experiences associated with managing and setting up bank accounts. It reflects customer interactions involving challenges with existing accounts and inquiries about procedures for opening new ones. The representative words and documents suggest a focus on customer guidance, preparation, and accessing information related to account management."
